kind	element	accession	start	end	length_bp	organism
ICE	ICEPae690	KY852375	315	86517	86203	Pseudomonas aeruginosa
ICE	ICEPmiChn1	KT962845	1	92751	92751	Proteus mirabilis
ICE	ICEPmiCHN1586	KX243404	1	99355	99355	Proteus mirabilis
ICE	ICEPmiCHN1809	KX243413	1	76218	76218	Proteus mirabilis
ICE	ICEPmiChn2	KY437726	1	104371	104371	Proteus mirabilis
ICE	ICEPmiCHN2407	KX243405	1	97078	97078	Proteus mirabilis
ICE	ICEPmiCHN2410	KX243406	1	93537	93537	Proteus mirabilis
ICE	ICEPmiCHN2416	KX243407	1	92556	92556	Proteus mirabilis
ICE	ICEPmiChn3	KY437727	1	55195	55195	Proteus mirabilis
ICE	ICEPmiCHN3237	KX243414	1	87215	87215	Proteus mirabilis
ICE	ICEPmiCHN3300	KX243415	1	108335	108335	Proteus mirabilis
ICE	ICEPmiCHN3335	KX243416	1	89996	89996	Proteus mirabilis
ICE	ICEPmiChn4	KY437728	1	90566	90566	Proteus mirabilis
ICE	ICEPmiCHN901	KX243408	1	89493	89493	Proteus mirabilis
ICE	Tn5386	DQ321786	67	29238	29172	Enterococcus faecium
ICE	ICEPmiCHN902	KX243409	1	89096	89096	Proteus mirabilis
ICE	ICEPmiCHN903	KX243410	1	89644	89644	Proteus mirabilis
ICE	ICEPmiCHN904	KX243411	1	94942	94942	Proteus mirabilis
ICE	ICEPmiCHN905	KX243412	1	94956	94956	Proteus mirabilis
ICE	ICEPvuCHN2213	KX243403	1	94340	94340	Proteus vulgaris
ICE	ICE(Tn4371)6061	KP299160	1	43841	43841	Pseudomonas aeruginosa
ICE	Tn5397	AM180355	585384	606040	20657	Clostridium difficile
ICE	ICEValA056-1	KR231688	1	89004	89004	Vibrio alginolyticus
ICE	ICEValA056-2	KR231689	1	103826	103826	Vibrio alginolyticus
ICE	ICEValE0601	KT072768	1	106165	106165	Vibrio alginolyticus
ICE	ICEValHN396	KT072770	1	86687	86687	Vibrio alginolyticus
ICE	ICEValHN437	KT072771	1	94290	94290	Vibrio alginolyticus
ICE	ICEValHN492	KT072769	1	106164	106164	Vibrio alginolyticus
ICE	ICEVchCHN143	KT151654	1	98459	98459	Vibrio cholerae
ICE	ICEVchCHN1605	KT151656	1	98419	98419	Vibrio cholerae
ICE	ICEVchCHN1627	KT151657	1	102413	102413	Vibrio cholerae
ICE	ICEVchCHN1909	KT151658	1	108995	108995	Vibrio cholerae
ICE	ICEVchCHN1944	KT151659	1	100703	100703	Vibrio cholerae
ICE	ICEVchChn2255	KT151660	1	92592	92592	Vibrio cholerae
ICE	ICEVchCHN2605	KT151661	1	98458	98458	Vibrio cholerae
ICE	ICEVchCHN4210	KT151662	1	110349	110349	Vibrio cholerae
ICE	ICEVchCHN57	KT151664.1	1	96186	96186	Vibrio cholerae
ICE	ICEVchCHN956	KT151655	1	109322	109322	Vibrio cholerae
ICE	ICEVchChnAHV1003	KT151663	1	101856	101856	Vibrio cholerae
ICE	ICEVchHai2	AJRO01000008	45958	128752	82795	Vibrio cholerae
ICE	ICEVchNep1	KC886257	528	97877	97350	Vibrio cholerae
ICE	ICEVchNig1	KC886258	528	97570	97043	Vibrio cholerae
ICE	ICEVpaCan1	CP028481	2625296	2706787	81492	Vibrio parahaemolyticus
ICE	ICEXTD	CP011072	4894159	5067957	173799	Azoarcus sp.
ICE	LpcGI-2	CP000675.2	2781725	2846914	65190	Legionella pneumophila
ICE	TnB1230	AJ222769	1	11849	11849	Butyrivibrio fibrisolvens
ICE	Pac_ICE1_cn	KC148185	1	102575	102575	Pseudomonas syringae
ICE	Pac_ICE1_nz	KC148184	1	100903	100903	Pseudomonas syringae
ICE	Pac_ICE2_cn	KC148187	1	108802	108802	Pseudomonas syringae
ICE	Pac_ICE2_it	KC148186	1	108802	108802	Pseudomonas syringae
ICE	Pac_ICE3_cl	KC148188	1	100782	100782	Pseudomonas syringae
ICE	Trb-1	CP000675	614497	656813	42317	Legionella pneumophila
ICE	ICESt2	AJ278471	8823	36049	27227	Streptococcus thermophilus
ICE	Trb-2	CP000675	181809	215779	33971	Legionella pneumophila
ICE	ICEMaSym(WSM2073)-alpha	NC_019973	5609010	6054227	445218	Mesorhizobium australicum
ICE	ICEMcSym(1271)-alpha	NC_014923	5680050	6125270	445221	Mesorhizobium ciceri
ICE	ICEMcSym(1284)-alpha	CP015064	858217	1335305	477089	Mesorhizobium ciceri
ICE	ICEMlSym(NZP2037)-alpha	CP016079	6351798	6880279	528482	Mesorhizobium loti
ICE	ICEMoSym(WSM2075)-alpha	NC_015675	6234721	6679938	445218	Mesorhizobium opportunistum
ICE	ICEMaSym(WSM2073)-beta	NC_019973	2742000	2764972	22973	Mesorhizobium australicum
ICE	ICEMcSym(1271)-beta	NC_014923	2669947	2692919	22973	Mesorhizobium ciceri
ICE	ICEMcSym(1284)-beta	CP015064	4374750	4392020	17271	Mesorhizobium ciceri
ICE	ICEMlSym(NZP2037)-beta	CP016079	3031358	3058942	27585	Mesorhizobium loti
ICE	ICEMoSym(WSM2075)-beta	NC_015675	2836947	2859919	22973	Mesorhizobium opportunistum
ICE	ICEMaSym(WSM2073)-gamma	NC_019973	2421803	2429562	7760	Mesorhizobium australicum
ICE	ICEMcSym(1271)-gamma	NC_014923	2444639	2452398	7760	Mesorhizobium ciceri
ICE	ICEMcSym(1284)-gamma	CP015064	4618583	4626343	7761	Mesorhizobium ciceri
ICE	ICEMlSym(NZP2037)-gamma	CP016079	2577929	2584131	6203	Mesorhizobium loti
ICE	ICEMoSym(WSM2075)-gamma	NC_015675	2571792	2579551	7760	Mesorhizobium opportunistum
ICE	ICEKpnQD23-1	CP042858.1	4831525	5022379	190855	Klebsiella pneumoniae
ICE	ICEKpnLS257-1	CP025639.1	468487	561069	92583	Klebsiella pneumoniae
ICE	ICEKpnLS357-2	CP025639.1	729372	808529	79158	Klebsiella pneumoniae
ICE	ICEKpnLS357-3	CP025639.1	3661462	3730667	69206	Klebsiella pneumoniae
ICE	ICEKpn12208-1	CP030172.1	1728573	1790738	62166	Klebsiella pneumoniae
ICE	ICEKpn156070-1	CP047648.1	744979	799920	54942	Klebsiella pneumoniae
ICE	ICEKpn158590-1	CP047649.1	744979	799920	54942	Klebsiella pneumoniae
ICE	ICEKpn16_GR_13-1	CP027036.1	332495	484436	151942	Klebsiella pneumoniae
ICE	ICEKpn16_GR_13-2	CP027036.1	4684844	4750459	65616	Klebsiella pneumoniae
ICE	ICEKpn160111-1	CP029689.1	1412270	1471622	59353	Klebsiella pneumoniae
ICE	ICEKpn18CPO060-1	CP034778.1	1797187	1860430	63244	Klebsiella pneumoniae
ICE	ICEKpn2_GR_12-1	CP027053.1	4851907	4908048	56142	Klebsiella pneumoniae
ICE	ICEKpn20_GR_12-1	CP027048.1	741671	797813	56143	Klebsiella pneumoniae
ICE	ICEKpn2019036D-1	CP047336.1	3836310	3895556	59247	Klebsiella pneumoniae
ICE	ICEKpn207M1D0-1	LT216436.1	1016874	1071816	54943	Klebsiella pneumoniae
ICE	ICEKpn2-1-1	CP031562.1	739347	794289	54943	Klebsiella pneumoniae
ICE	ICEKpn2N3-1	CP025541.3	3519217	3572657	53441	Klebsiella pneumoniae
ICE	ICEKpn30660/NJST258_1-1	CP006923.1	740709	797338	56630	Klebsiella pneumoniae
ICE	ICEKpn30684/NJST258_2-1	CP006918.1	786130	841072	54943	Klebsiella pneumoniae
ICE	ICEKpn32192-2	CP010361.1	740485	795427	54943	Klebsiella pneumoniae
ICE	ICEYe1	FN298493	16910	137431	120522	Yersinia enterocolitica
ICE	ICEKpn34618-1	CP010392.1	739242	794184	54943	Klebsiella pneumoniae
ICE	ICEKpn459-1	CP018306.1	978886	1036934	58049	Klebsiella pneumoniae
ICE	ICEKpn4743-1	CP033625.1	1858533	1923082	64550	Klebsiella pneumoniae
ICE	ICEKpn4928STDY7387736-1	LR607362.1	780300	825052	44753	Klebsiella variicola
ICE	ICEKpn4928STDY7387808-1	LR607368.1	2908121	2972669	64549	Klebsiella pneumoniae
ICE	ICEKpn500_1420-1	CP011980.1	740488	777550	37063	Klebsiella pneumoniae
ICE	ICEKpn6-1	CP034316.1	4450090	4542433	92344	Klebsiella pneumoniae
ICE	ICEKpn675920-1	CP033242.1	4891492	4947272	55781	Klebsiella pneumoniae
ICE	ICEKpn704SK6-1	CP022143.1	4913786	4962497	48712	Klebsiella pneumoniae
ICE	ICEKpn721005-1	CP022997.1	4471158	4526100	54943	Klebsiella pneumoniae
ICE	ICESb1	FN298494	1785	111202	109418	Salmonella bongori
ICE	ICEKpn911021-1	CP022882.1	3249582	3302189	52608	Klebsiella pneumoniae
ICE	ICEKpnAATZP-1	CP014755.1	3402361	3466910	64550	Klebsiella pneumoniae
ICE	ICEKpnABFPV-1	CP036442.1	3553191	3611389	58199	Klebsiella pneumoniae
ICE	ICEKpnAP8555-1	CP035383.1	4780731	4863403	82673	Klebsiella pneumoniae
ICE	ICEKpnAR_0047-1	CP021539.1	5017266	5075313	58048	Klebsiella pneumoniae
ICE	ICEKpnAR_0049-1	CP018816.1	1497597	1552539	54943	Klebsiella pneumoniae
ICE	ICEKpnAR_0075-1	CP032185.1	2959067	3023602	64536	Klebsiella pneumoniae
ICE	ICEKpnAR_0076-1	CP032167.1	1396218	1438248	42031	Klebsiella pneumoniae
ICE	ICEKpnAR_0079-1	CP028994.1	3941145	4033488	92344	Klebsiella pneumoniae
ICE	ICEKpnAR_0079-2	CP028994.1	5226674	5284721	58048	Klebsiella pneumoniae
ICE	ICESb2	FN669609	564	84432	83869	Salmonella bongori
ICE	ICEKpnAR_0087-1	CP029738.1	3997336	4078188	80853	Klebsiella pneumoniae
ICE	ICEKpnAR_0098-1	CP020108.1	3541597	3596539	54943	Klebsiella pneumoniae
ICE	ICEKpnAR_0112-1	CP021549.1	4155708	4213755	58048	Klebsiella pneumoniae
ICE	ICEKpnAR_0113-1	CP021751.1	4479005	4537051	58047	Klebsiella pneumoniae
ICE	ICEKpnAR_0115-1	CP020071.1	476838	534885	58048	Klebsiella pneumoniae
ICE	ICEKpnAR_0120-1	CP021833.1	2107421	2245029	137609	Klebsiella pneumoniae
ICE	ICEKpnAR_0120-2	CP021833.1	3359975	3418022	58048	Klebsiella pneumoniae
ICE	ICEKpnAR_0125-1	CP021859.1	2303268	2361315	58048	Klebsiella pneumoniae
ICE	ICEKpnAR_0126-1	CP021740.1	4137547	4195745	58199	Klebsiella pneumoniae
ICE	ICEKpnAR_0129-1	CP021718.1	3271274	3329320	58047	Klebsiella pneumoniae
ICE	ICESe3	FN298495	28577	133063	104487	Salmonella enterica
ICE	ICEKpnAR_0135-1	CP032178.1	5331010	5395559	64550	Klebsiella pneumoniae
ICE	ICEKpnAR_0138-1	CP021757.1	1252085	1310283	58199	Klebsiella pneumoniae
ICE	ICEKpnAR_0139-1	CP021960.1	5228915	5298133	69219	Klebsiella pneumoniae
ICE	ICEKpnAR_0145-1	CP021939.1	4222584	4287133	64550	Klebsiella pneumoniae
ICE	ICEKpnAR_0146-1	CP021685.1	194506	289311	94806	Klebsiella pneumoniae
ICE	ICEKpnAR_0146-2	CP021685.1	1297863	1356976	59114	Klebsiella pneumoniae
ICE	ICEKpnAR_0148-1	CP021950.1	4078191	4133133	54943	Klebsiella pneumoniae
ICE	ICEKpnAR_0152-1	CP021944.1	376688	441237	64550	Klebsiella pneumoniae
ICE	ICEKpnAR_0153-1	CP028932.1	956807	1023030	66224	Klebsiella pneumoniae
ICE	ICEKpnAR_0160-1	CP032175.1	218847	277822	58976	Klebsiella pneumoniae
ICE	ICEKpnAR_0361-1	CP027160.1	3450254	3509502	59249	Klebsiella pneumoniae
ICE	ICEKpnAR_0363-1	CP027146.1	3001647	3056589	54943	Klebsiella pneumoniae
ICE	ICEKpnAR_362-1	CP030341.1	1033304	1088246	54943	Klebsiella pneumoniae
ICE	ICEKpnAR438-1	CP029099.1	742744	797686	54943	Klebsiella pneumoniae
ICE	ICEKpnATCCBAA-2146-1	CP006659.2	4603840	4661887	58048	Klebsiella pneumoniae
ICE	ICEKpnAUSMDU00003562-1	CP025005.1	741716	796658	54943	Klebsiella pneumoniae
ICE	ICEKpnAUSMDU00008079-1	CP022691.2	740471	795413	54943	Klebsiella pneumoniae
ICE	ICEKpnAUSMDU00008119-1	CP025008.1	740520	795462	54943	Klebsiella pneumoniae
ICE	ICEKpnB12-AN-1	CP026155.1	739377	794319	54943	Klebsiella pneumoniae
ICE	ICEKpnB12-AN-2	CP026155.1	1623163	1861329	238167	Klebsiella pneumoniae
ICE	ICEKpnBA1559-1	CP036187.1	2427452	2485650	58199	Klebsiella pneumoniae
ICE	ICEKpnBA28434-1	CP036327.1	2184762	2287697	102936	Klebsiella pneumoniae
ICE	ICEKpnBA33875-1	CP035179.1	75155	139692	64538	Klebsiella pneumoniae
ICE	ICEKpnBIC-1-1	CP022573.1	3423281	3478223	54943	Klebsiella pneumoniae
ICE	ICEKpnBJCFK909-1	CP034123.1	745498	802416	56919	Klebsiella pneumoniae
ICE	ICEKpnBK13043-1	CP020837.1	3627680	3765297	137618	Klebsiella pneumoniae
ICE	ICEKpnBK13043-2	CP020837.1	4880222	4938269	58048	Klebsiella pneumoniae
ICE	ICEKpnBP327-1	CP036335.1	418812	477010	58199	Klebsiella pneumoniae
ICE	ICEKpnBR-1	CP015990.1	1825388	1917731	92344	Klebsiella pneumoniae
ICE	ICEKpnBR21-1	CP018885.1	649923	707969	58047	Klebsiella pneumoniae
ICE	pSA1	NC_002112	1	9014	9014	Streptomyces cyaneus
ICE	ICEKpnBR7-1	CP018883.1	4606800	4661742	54943	Klebsiella pneumoniae
ICE	ICEKpnBWHC1-1	CP020498.1	741248	796190	54943	Klebsiella pneumoniae
ICE	ICEKpnC1398-1	CP034420.1	3952975	4007916	54942	Klebsiella pneumoniae
ICE	ICEKpnC2414-1	CP039819.1	885731	941871	56141	Klebsiella pneumoniae
ICE	ICEKpnC2660-1	CP039808.1	745714	803055	57342	Klebsiella pneumoniae
ICE	ICEKpnC789-1	CP034415.1	744981	801122	56142	Klebsiella pneumoniae
ICE	ICEKpnCAV1016-1	CP017934.1	5160854	5219052	58199	Klebsiella pneumoniae
ICE	ICEKpnCAV1042-1	CP018671.1	3304588	3407367	102780	Klebsiella pneumoniae
ICE	ICEKpnCAV1217-1	CP018676.1	1870285	1929398	59114	Klebsiella pneumoniae
ICE	ICEKpnCAV1392-2	CP011578.1	2652535	2710583	58049	Klebsiella pneumoniae
ICE	ICEKpnCAV1417-1	CP018352.1	4189070	4245078	56009	Klebsiella pneumoniae
ICE	ICEKpnCAV1453-1	CP018356.1	3731253	3789300	58048	Klebsiella pneumoniae
ICE	ICEKpnCAV1596-1	CP011647.1	348315	406362	58048	Klebsiella pneumoniae
ICE	ICEKpnCCRI-22199-1	CP035540.1	739390	794331	54942	Klebsiella pneumoniae
ICE	ICEKpnCCUG70747-1	CP023441.1	5124948	5184247	59300	Klebsiella pneumoniae
ICE	ICEKpnCFSAN054110-1	CP028180.1	854187	909129	54943	Klebsiella pneumoniae
ICE	ICEKpnCR14-1	CP015392.1	747023	803271	56249	Klebsiella pneumoniae
ICE	ICEKpnCR14-2	CP015392.1	1776406	1984641	208236	Klebsiella pneumoniae
ICE	ICEKpnCR-HvKP1-1	CP040533.1	717641	772582	54942	Klebsiella pneumoniae
ICE	ICEKpnCR-HvKP4-1	CP040539.1	2291829	2346770	54942	Klebsiella pneumoniae
ICE	ICEKpnCR-HvKP5-1	CP040545.1	717397	772338	54942	Klebsiella pneumoniae
ICE	ICEKpnCRK0298-1	CP034039.1	747649	803897	56249	Klebsiella pneumoniae
ICE	ICEKpnCRKP-1215-1	CP024838.1	4055060	4113257	58198	Klebsiella pneumoniae
ICE	ICEKpnCRKP-2297-1	CP024834.1	1396154	1454352	58199	Klebsiella pneumoniae
ICE	ICEKpnCRKP-I-1	CP037927.1	3417673	3479838	62166	Klebsiella pneumoniae
ICE	ICEKpnCRKP-I-2	CP037927.1	4486964	4546077	59114	Klebsiella pneumoniae
ICE	ICEKpnD1-1	CP043969.1	1848470	1906517	58048	Klebsiella pneumoniae
ICE	ICEKpnDA33140-1	CP029582.1	100348	199274	98927	Klebsiella pneumoniae
ICE	ICEKpnDA48896-1	CP024429.1	3415712	3473910	58199	Klebsiella pneumoniae
ICE	ICEKpnDMC1097-1	CP011976.1	739395	794337	54943	Klebsiella pneumoniae
ICE	ICEKpnED2-1	CP016813.1	566079	645236	79158	Klebsiella pneumoniae
ICE	ICEKpnED23-1	CP016814.1	566086	645243	79158	Klebsiella pneumoniae
ICE	ICEKpnF1-1	CP026130.1	745273	801414	56142	Klebsiella pneumoniae
ICE	ICEKpnF127-1	CP026140.1	745273	801414	56142	Klebsiella pneumoniae
ICE	ICEKpnF132-1	CP026145.1	745382	801521	56140	Klebsiella pneumoniae
ICE	ICEKpnF138-1	CP026149.1	746179	802319	56141	Klebsiella pneumoniae
ICE	ICEKpnF44-1	CP025461.1	4660105	4718979	58875	Klebsiella pneumoniae
ICE	ICEKpnF5-1	CP026132.1	745401	801542	56142	Klebsiella pneumoniae
ICE	ICEKpnF77-1	CP026136.1	745404	801545	56142	Klebsiella pneumoniae
ICE	ICEKpnFDAARGOS_443-1	CP023933.1	1345661	1403707	58047	Klebsiella pneumoniae
ICE	pMEA100	EU149765	1	23290	23290	Amycolatopsis mediterranei
ICE	ICEKpnFDAARGOS_444-1	CP023941.1	643845	699986	56142	Klebsiella pneumoniae
ICE	ICEKpnFDAARGOS_446-1	CP023946.1	2616393	2680942	64550	Klebsiella pneumoniae
ICE	ICEKpnFDAARGOS_447-1	CP023949.1	1781989	1840185	58197	Klebsiella pneumoniae
ICE	ICEKpnFDAARGOS_531-1	CP033777.1	2510771	2575351	64581	Klebsiella pneumoniae
ICE	ICEKpnFDAARGOS_566-1	CP033756.1	1823158	1880880	57723	Klebsiella pneumoniae
ICE	ICEKpnFDAARGOS_629-1	CP044047.1	2916697	3020864	104168	Klebsiella pneumoniae
ICE	ICEKpnFDAARGOS_775-1	CP040993.1	4552091	4690416	138326	Klebsiella pneumoniae
ICE	ICEKpnGD4-1	CP025951.1	4672706	4729913	57208	Klebsiella pneumoniae
ICE	ICEKpnGSU10-3DNA-1	AP018671.1	745723	801440	55718	Klebsiella pneumoniae
ICE	ICEKpnHK787-1	CP006738.1	1804046	1866227	62182	Klebsiella pneumoniae
ICE	ICEKpnHS102438-1	CP025633.1	533454	612611	79158	Klebsiella pneumoniae
ICE	ICEKpnHS102438-2	CP025633.1	2106923	2253927	147005	Klebsiella pneumoniae
ICE	ICEKpn1084-1	NC_018522.1	1608318	1882592	274275	Klebsiella pneumoniae
ICE	ICEKpn1084-2	NC_018522.1	4708366	4787521	79156	Klebsiella pneumoniae
ICE	ICEKpnINF042-1	CP024542.1	1787299	1845496	58198	Klebsiella pneumoniae
ICE	ICEKpnINF059-1	CP024545.1	1787299	1845496	58198	Klebsiella pneumoniae
ICE	ICEKpnINF125-1	CP031795.1	1818220	1876418	58199	Klebsiella pneumoniae
ICE	ICEKpnINF157-1	CP024528.1	1768053	1826013	57961	Klebsiella pneumoniae
ICE	ICEKpnINF158-1	CP024521.1	440249	498209	57961	Klebsiella pneumoniae
ICE	ICEKpnINF163-1	CP024549.1	1768819	1826779	57961	Klebsiella pneumoniae
ICE	pRS01	U50902	1	12851	12851	Lactococcus lactis
ICE	ICEKpnINF164-1	CP024556.1	1769048	1827008	57961	Klebsiella pneumoniae
ICE	ICEKpnINF237-1	CP032833.1	440905	498547	57643	Klebsiella pneumoniae
ICE	ICEKpnINF249-1	CP024489.1	724822	832258	107437	Klebsiella pneumoniae
ICE	ICEKpnINF249-2	CP024489.1	5079347	5289591	210245	Klebsiella pneumoniae
ICE	ICEKpnINF274-1	CP024570.1	2862451	2960221	97771	Klebsiella pneumoniae
ICE	ICEKpnINF278-1	CP024563.1	2862451	2960221	97771	Klebsiella pneumoniae
ICE	ICEKpnINF322-1	CP024482.1	724820	832256	107437	Klebsiella pneumoniae
ICE	ICEKpnJM45-1	NC_022082.1	780389	835331	54943	Klebsiella pneumoniae
ICE	ICEKpnJS187-1	CP025466.1	3461882	3524047	62166	Klebsiella pneumoniae
ICE	ICEKpnJS187-2	CP025466.1	4565787	4623834	58048	Klebsiella pneumoniae
ICE	ICEKpnJUNP254-1	AP021880.1	1865136	1929396	64261	Klebsiella pneumoniae
ICE	ICEKpnK2044-1	CP026011.1	4568897	4648054	79158	Klebsiella pneumoniae
ICE	ICEKpnK2606-1	CP047633.1	1670024	1877802	207779	Klebsiella pneumoniae
ICE	ICEKpnK66-45-1	CP020901.1	5237175	5292117	54943	Klebsiella pneumoniae
ICE	ICEKpnKLP268-1	CP043047.1	59825	192847	133023	Klebsiella pneumoniae
ICE	ICEKpnKp_Goe_121641-1	CP018735.1	1880423	1944972	64550	Klebsiella pneumoniae
ICE	ICEKpnKp_Goe_154414-1	CP018337.1	738388	794636	56249	Klebsiella pneumoniae
ICE	ICEKpnKp_Goe_154414-2	CP018337.1	1802309	1864490	62182	Klebsiella pneumoniae
ICE	ICEKpnKp_Goe_33208-1	CP018447.1	1859322	1923871	64550	Klebsiella pneumoniae
ICE	ICEKpnKp_Goe_62629-1	CP018364.1	744148	799089	54942	Klebsiella pneumoniae
ICE	ICEKp1	AP006725	3395836	3471770	75935	Klebsiella pneumoniae
ICE	ICEKpnKp_Goe_71070-1	CP018450.1	1859309	1923858	64550	Klebsiella pneumoniae
ICE	ICEKpnKp_Goe_821588-1	CP018692.1	738966	795214	56249	Klebsiella pneumoniae
ICE	ICEKpnKp_Goe_821588-2	CP018692.1	1803094	1867643	64550	Klebsiella pneumoniae
ICE	ICEKpnKp_Goe_822579-1	CP018140.1	1829156	1892707	63552	Klebsiella pneumoniae
ICE	ICEKpnKp_Goe_822917-1	CP018438.1	738966	795214	56249	Klebsiella pneumoniae
ICE	ICEKpnKp_Goe_822917-2	CP018438.1	1802317	1866866	64550	Klebsiella pneumoniae
ICE	ICEKpnKP_NORM_BLD_2014_104014-1	CP034045.1	1831053	1889250	58198	Klebsiella pneumoniae
ICE	ICEKpnKP_NORM_BLD_2015_112126-1	CP034053.1	1796023	1854221	58199	Klebsiella pneumoniae
ICE	ICEKpnKP11-1	CP025092.1	2660688	2737306	76619	Klebsiella pneumoniae
ICE	ICEKpnKP14-1	CP025093.1	1787792	1891837	104046	Klebsiella pneumoniae
ICE	ICEKpn342-1	CP000964	1810666	1880895	70230	Klebsiella pneumoniae
ICE	ICEKpnKP17-15-1	CP034076.1	1819752	1918788	99037	Klebsiella pneumoniae
ICE	ICEKpnKP17-16-1	CP034077.1	1819752	1918788	99037	Klebsiella pneumoniae
ICE	ICEKpnKP18-2079-1	CP048933.1	744196	800337	56142	Klebsiella pneumoniae
ICE	ICEKpnKP18-29-1	CP034249.1	741300	796243	54944	Klebsiella pneumoniae
ICE	ICEKpnKP18-3-8-1	CP048430.1	4049956	4109979	60024	Klebsiella pneumoniae
ICE	ICEKpnKP19-2029-1	CP047160.1	1275102	1331243	56142	Klebsiella pneumoniae
ICE	ICEKpnKp202-1	CP041082.1	1852482	1917028	64547	Klebsiella pneumoniae
ICE	ICEKpnKP30835-1	CP027697.1	4516859	4574890	58032	Klebsiella pneumoniae
ICE	ICEKpnKP36-1	CP017385.1	3417013	3481562	64550	Klebsiella pneumoniae
ICE	ICEKpnKp36-1	CP047192.1	778614	834755	56142	Klebsiella pneumoniae
ICE	ICEDdaEch586-1	CP001836	2972027	3023093	51067	Dickeya dadantii
ICE	ICEKpnKP38731-1	CP014294.1	692592	747521	54930	Klebsiella pneumoniae
ICE	ICEKpnKP38731-2	CP014294.1	1784338	1842517	58180	Klebsiella pneumoniae
ICE	ICEKpnKp52.145-1	FO834906.1	3678598	3813272	134675	Klebsiella pneumoniae
ICE	ICEKpnKP58-1	CP041373.1	744262	801180	56919	Klebsiella pneumoniae
ICE	ICEKpnKp589-1	CP028816.1	739279	788741	49463	Klebsiella pneumoniae
ICE	ICEKpnKp589-2	CP028816.1	1643344	1911307	267964	Klebsiella pneumoniae
ICE	ICEKpnKP6-1	CP025087.1	302229	381386	79158	Klebsiella pneumoniae
ICE	ICEKpnKP65-1	CP044258.1	748128	803069	54942	Klebsiella pneumoniae
ICE	ICEKpnKP69-1	CP025456.1	4694765	4752811	58047	Klebsiella pneumoniae
ICE	ICEKpnKP7-1	CP025088.1	306011	385168	79158	Klebsiella pneumoniae
ICE	ICEEcoED1a-1	CU928162	2164157	2222338	58182	Escherichia coli
ICE	ICEVchBan5	GQ463140	1	102122	102122	Vibrio cholerae
ICE	ICEKpnKP7-2	CP025088.1	3276885	3375968	99084	Klebsiella pneumoniae
ICE	ICEKpnKp8701-1	CP049604.1	4354746	4397516	42771	Klebsiella pneumoniae
ICE	ICEKpnKP-8788-1	CP037928.1	743014	800356	57343	Klebsiella pneumoniae
ICE	ICEKpnKP9-1	CP025090.1	139457	232039	92583	Klebsiella pneumoniae
ICE	ICEKpnKPC160117-1	CP040033.1	739321	794263	54943	Klebsiella pneumoniae
ICE	ICEKpnKPC160121-1	CP040028.1	739321	794263	54943	Klebsiella pneumoniae
ICE	ICEKpnKPC160125-1	CP040038.1	2382004	2474347	92344	Klebsiella pneumoniae
ICE	ICEKpnKPC160125-2	CP040038.1	3572404	3630451	58048	Klebsiella pneumoniae
ICE	ICEKpnKPC160132-1	CP040023.1	739334	794276	54943	Klebsiella pneumoniae
ICE	ICEKpnKPC2-1	LR130548.1	740471	795413	54943	Klebsiella pneumoniae
ICE	ICECkoBAA-1	CP000822	816173	919555	103383	Citrobacter koseri
ICE	ICEKpnKPHS1249-1	CP027189.1	205362	284519	79158	Klebsiella pneumoniae
ICE	ICEKpnKPN_KPC_HUG_07-1	CP019772.1	830383	888429	58047	Klebsiella pneumoniae
ICE	ICEKpnkpn154-1	LR745042.1	1803028	1865205	62178	Klebsiella pneumoniae
ICE	ICEKpnKPN528-1	CP020853.1	3763098	3829313	66216	Klebsiella pneumoniae
ICE	ICEKpnKPNIH10-1	CP007727.1	4563040	4622287	59248	Klebsiella pneumoniae
ICE	ICEKpnKPNIH1-1	CP008827.1	4561833	4621080	59248	Klebsiella pneumoniae
ICE	ICEKpnKPNIH24-1	CP008797.1	1291855	1346797	54943	Klebsiella pneumoniae
ICE	ICEKpnKPNIH30-1	CP009872.1	4475595	4533642	58048	Klebsiella pneumoniae
ICE	ICEKpnKPNIH32-1	CP009775.1	3429929	3562951	133023	Klebsiella pneumoniae
ICE	ICEKpnKPNIH32-2	CP009775.1	4681924	4739971	58048	Klebsiella pneumoniae
ICE	ICEDzeEch1591-1	CP001655	1679168	1733032	53865	Dickeya zeae
ICE	ICEKpnKPNIH33-1	CP009771.1	3473517	3611166	137650	Klebsiella pneumoniae
ICE	ICEKpnKPNIH33-2	CP009771.1	4725904	4784625	58722	Klebsiella pneumoniae
ICE	ICEKpnKPNIH36-1	CP014647.1	4563123	4622370	59248	Klebsiella pneumoniae
ICE	ICEKpnKPNIH45-1	CP036450.1	4834550	4893663	59114	Klebsiella pneumoniae
ICE	ICEKpnKPNIH48-1	CP026392.1	3657281	3714270	56990	Klebsiella pneumoniae
ICE	ICEKpnKPNIH50-1	CP026177.1	1586780	1641585	54806	Klebsiella pneumoniae
ICE	ICEKpnKPR0928-1	CP008831.1	4479482	4537529	58048	Klebsiella pneumoniae
ICE	ICEKpnKpvST101_OXA-48-1	CP031368.2	5231460	5296011	64552	Klebsiella pneumoniae
ICE	ICEKpnKpvST147B_SE1_1_NDM-1	CP040724.1	943723	1009425	65703	Klebsiella pneumoniae
ICE	ICEKpnKSB1_5D-1	CP024191.1	1767944	1825904	57961	Klebsiella pneumoniae
ICE	ICEEcoUMN026-1	CU928163	2277431	2343162	65732	Escherichia coli
ICE	ICEKpnKSB1_7J-1	CP024548.2	732252	787169	54918	Klebsiella pneumoniae
ICE	ICEKpnKSH203-1	CP034327.1	1540276	1598322	58047	Klebsiella pneumoniae
ICE	ICEKpnKUH-KPNHVF1-1	CP047677.1	565942	645099	79158	Klebsiella pneumoniae
ICE	ICEKpnKUH-KPNHVF1-2	CP047677.1	3467254	3604981	137728	Klebsiella pneumoniae
ICE	ICEKpnKUH-KPNHVL1-1	CP047675.1	565947	645104	79158	Klebsiella pneumoniae
ICE	ICEKpnKUH-KPNHVL1-2	CP047675.1	3462878	3600605	137728	Klebsiella pneumoniae
ICE	ICEKpnL201-1	CP029216.1	4155687	4215039	59353	Klebsiella pneumoniae
ICE	ICEKpnL388-1	CP029220.1	2086470	2145716	59247	Klebsiella pneumoniae
ICE	ICEKpnL39_2-1	CP033954.1	745510	802428	56919	Klebsiella pneumoniae
ICE	ICEKpnL482-1	CP033960.1	794470	849411	54942	Klebsiella pneumoniae
ICE	ICEMloMAF-1	BA000012	4643427	5255769	612343	Mesorhizobium loti
ICE	ICEKpnL491-1	CP029226.1	1313394	1369641	56248	Klebsiella pneumoniae
ICE	ICEKpnLS355-1	CP025641.1	638568	717725	79158	Klebsiella pneumoniae
ICE	ICEKpnLS355-2	CP025641.1	2185383	2289956	104574	Klebsiella pneumoniae
ICE	ICEKpnLS359-1	CP025630.1	2660576	2737194	76619	Klebsiella pneumoniae
ICE	ICEKpnLSH-KPN148-1	CP040122.1	744205	799146	54942	Klebsiella pneumoniae
ICE	ICEKpnLSH-KPN25-1	CP040391.1	789626	844568	54943	Klebsiella pneumoniae
ICE	ICEKpnLSH-KPN25-2	CP040391.1	1876308	1934497	58190	Klebsiella pneumoniae
ICE	ICEKpnMNCRE53-1	CP018437.1	3393285	3536872	143588	Klebsiella pneumoniae
ICE	ICEKpnMNCRE53-2	CP018437.1	4662089	4720136	58048	Klebsiella pneumoniae
ICE	ICEKpnMNCRE69-1	CP018427.1	3355560	3499147	143588	Klebsiella pneumoniae
ICE	ICEKpnMNCRE69-2	CP018427.1	4624364	4682410	58047	Klebsiella pneumoniae
ICE	ICEKpnMNCRE78-1	CP018428.1	3356625	3500228	143604	Klebsiella pneumoniae
ICE	ICEKpnMNCRE78-2	CP018428.1	4625444	4683491	58048	Klebsiella pneumoniae
ICE	ICEKpnNB5306-1	CP034760.1	739376	794318	54943	Klebsiella pneumoniae
ICE	ICEKpnNH34-1	CP034408.1	1652090	1718310	66221	Klebsiella pneumoniae
ICE	ICEKpnNH54-1	CP024916.1	3461245	3519441	58197	Klebsiella pneumoniae
ICE	ICEKpnNKU_Kleb8A7-1	CP041644.1	3348673	3406865	58193	Klebsiella pneumoniae
ICE	ICEKpnNTUH-K2044-1	NC_012731.1	566022	645179	79158	Klebsiella pneumoniae
ICE	ICEKpn11-1	CP016923.1	17308	83530	66223	Klebsiella pneumoniae
ICE	ICEKpnNU-CRE047-1	CP025037.1	741894	796831	54938	Klebsiella pneumoniae
ICE	ICEKpnNU-CRE047-2	CP025037.1	1912672	2022185	109514	Klebsiella pneumoniae
ICE	ICEKpnNY9-1	CP015385.1	742492	799462	56971	Klebsiella pneumoniae
ICE	ICEKpnNZ_CP009114-1	CP009114.1	2675897	2733886	57990	Klebsiella pneumoniae
ICE	ICEKpnNZ_CP015822-1	CP015822.1	2761319	2819366	58048	Klebsiella pneumoniae
ICE	ICEKpnP1428-1	CP017994.1	3493116	3572273	79158	Klebsiella pneumoniae
ICE	ICEKpnPMK1-1	CP008929.1	5176327	5297023	120697	Klebsiella pneumoniae
ICE	ICEKpn1158-1	CP006722.1	1886399	1995488	109090	Klebsiella pneumoniae
ICE	ICEKpnQS17-0161-1	CP024458.1	2858419	2916617	58199	Klebsiella pneumoniae
ICE	ICEKpnR1701-1	CP039968.1	741901	796843	54943	Klebsiella pneumoniae
ICE	ICEKpnR1701-2	CP039968.1	1859451	1969990	110540	Klebsiella pneumoniae
ICE	ICEKpnR1761-1	CP039974.1	741920	796862	54943	Klebsiella pneumoniae
ICE	ICEKpnR210-2-1	CP034082.1	4784789	4863946	79158	Klebsiella pneumoniae
ICE	ICEKpnRJA166-1	CP019047.1	1806260	1882407	76148	Klebsiella pneumoniae
ICE	ICEKpnRJA166-2	CP019047.1	4668669	4747826	79158	Klebsiella pneumoniae
ICE	ICEKpnRJF293-1	CP014008.1	3380804	3439778	58975	Klebsiella pneumoniae
ICE	ICEKpnRJF999-1	CP014010.1	566442	646663	80222	Klebsiella pneumoniae
ICE	ICEKpnRJF999-2	CP014010.1	3470664	3608386	137723	Klebsiella pneumoniae
ICE	ICEKpnSC-7-1	CP030269.1	2813411	2892568	79158	Klebsiella pneumoniae
ICE	ICEKpnSCKP020046-1	CP028783.2	741507	796450	54944	Klebsiella pneumoniae
ICE	ICEKpnSCKP020079-1	CP029384.2	746731	802872	56142	Klebsiella pneumoniae
ICE	ICEKpnSCKP020143-1	CP028548.2	745440	801581	56142	Klebsiella pneumoniae
ICE	ICEKpnSCKP040074-1	CP029388.1	1587852	1649621	61770	Klebsiella pneumoniae
ICE	ICEKpnSCM96-1	CP028716.1	4084953	4143152	58200	Klebsiella pneumoniae
ICE	ICEKpnSGH10-1	CP025080.1	4788591	4867749	79159	Klebsiella pneumoniae
ICE	ICEKpnSKGH01-1	CP015500.1	1658908	1717105	58198	Klebsiella pneumoniae
ICE	ICEKpnSMU18037509-1	CP045661.1	1775474	1838916	63443	Klebsiella pneumoniae
ICE	ICEKpnST101:960186733-1	CP023487.1	2308125	2372672	64548	Klebsiella pneumoniae
ICE	ICEKpnST2017:950142398-1	CP023553.1	1428965	1493514	64550	Klebsiella pneumoniae
ICE	ICEKpnST23-1	CP037742.1	4713596	4792753	79158	Klebsiella pneumoniae
ICE	ICEKpnSWU01-1	CP018454.1	3130473	3189133	58661	Klebsiella pneumoniae
ICE	ICEKpnTGH8-1	CP012743.1	787509	880170	92662	Klebsiella pneumoniae
ICE	ICEKpnTK421-1	CP045694.1	750000	859477	109478	Klebsiella pneumoniae
ICE	ICEKpnTK421-2	CP045694.1	1931936	1994113	62178	Klebsiella pneumoniae
ICE	ICEKpnTVGHCRE225-1	CP023722.1	1006473	1099100	92628	Klebsiella pneumoniae
ICE	ICEKpnTVGHCRE225-2	CP023722.1	5312916	5370962	58047	Klebsiella pneumoniae
ICE	ICEKpnU25-1	CP012043.1	3705864	3772086	66223	Klebsiella pneumoniae
ICE	ICEKpnUHKPC07-1	CP011985.1	740488	797831	57344	Klebsiella pneumoniae
ICE	ICEKpnUHKPC33-1	CP011989.1	740482	796624	56143	Klebsiella pneumoniae
ICE	ICEKpnVBA2172-1	CP036320.1	5105553	5208479	102927	Klebsiella pneumoniae
ICE	ICEKpnWCHKP015093-1	CP036300.1	743962	800103	56142	Klebsiella pneumoniae
ICE	ICEKpnWCHKP015625-1	CP033396.2	746887	803028	56142	Klebsiella pneumoniae
ICE	ICEKpnWCHKP020030-1	CP028793.2	780312	836453	56142	Klebsiella pneumoniae
ICE	ICEKpnWCHKP020037-1	CP036371.1	4269244	4328490	59247	Klebsiella pneumoniae
ICE	ICEKpnWCHKP020098-1	CP036305.1	739695	795413	55719	Klebsiella pneumoniae
ICE	ICEKpnWCHKP040035-1	CP028797.2	744852	812972	68121	Klebsiella pneumoniae
ICE	ICEKpnWCHKP115068-1	CP036365.1	41921	101167	59247	Klebsiella pneumoniae
ICE	ICEKpnWCHKP115069-1	CP033405.1	743684	799825	56142	Klebsiella pneumoniae
ICE	ICEKpnWCHKP13F2-1	CP028391.2	1768391	1849138	80748	Klebsiella pneumoniae
ICE	ICEKpnWCHKP13F2-2	CP028391.2	1867377	1929562	62186	Klebsiella pneumoniae
ICE	ICEKpnWCHKP2080-1	CP036361.1	747060	803201	56142	Klebsiella pneumoniae
ICE	ICEKpnWCHKP2-1	CP028542.3	4272131	4331214	59084	Klebsiella pneumoniae
ICE	ICEKpnWCHKP3-1	CP031721.1	744881	801022	56142	Klebsiella pneumoniae
ICE	ICEKpnWCHKP36-1	CP028583.2	746896	803037	56142	Klebsiella pneumoniae
ICE	ICEKpnWCHKP649-1	CP026585.3	744882	801800	56919	Klebsiella pneumoniae
ICE	ICEKpnWCHKP7E2-1	CP028806.2	740844	797093	56250	Klebsiella pneumoniae
ICE	ICEKpnWCHKP7E2-2	CP028806.2	1806441	1871766	65326	Klebsiella pneumoniae
ICE	ICEKpnWCHKP8F4-1	CP027068.3	745237	802685	57449	Klebsiella pneumoniae
ICE	ICEKpnXJ-K1-1	CP032163.1	746429	801370	54942	Klebsiella pneumoniae
ICE	ICEKpnXJ-K2-1	CP032240.1	748768	804909	56142	Klebsiella pneumoniae
ICE	15-184 ICE	CP023057.1	951876	999094	47219	Glaesserella sp.
ICE	ICE_Cdi630_fic	NC_009089.1	585378	606047	20670	Clostridioides difficile
ICE	ICE_Cdi630_guaA	NC_009089.1	3890833	3912345	21513	Clostridioides difficile
ICE	ICE_Cdi630_NS_1	NC_009089.1	428667	456893	28227	Clostridioides difficile
ICE	ICE_Cdi630_NS_2	NC_009089.1	1284321	1314877	30557	Clostridioides difficile
ICE	ICE_Cdi630_rumA_1	NC_009089.1	480392	519797	39406	Clostridioides difficile
ICE	ICE_Cdi630_rumA_2	NC_009089.1	2137465	2183040	45576	Clostridioides difficile
ICE	ICE_Cdi630_rumA_3	NC_009089.1	3938110	3967531	29422	Clostridioides difficile
ICE	ICE_CdiR20291_NS	NC_013316.1	4099194	4125550	26357	Clostridioides difficile
ICE	ICE_CdiR20291_rumA	NC_013316.1	2040400	2128632	88233	Clostridioides difficile
ICE	ICE_DfoDMC_ND	CP022121.1	115147	152633	37487	Dehalobacterium formicoaceticum
ICE	ICE_DfoDMC_rumA	CP022121.1	3419169	3490787	71619	Dehalobacterium formicoaceticum
ICE	ICE_DfoDMC_tRNAleu	CP022121.1	3183265	3251591	68327	Dehalobacterium formicoaceticum
ICE	ICE_DfoDMC_tRNAser_1	CP022121.1	590346	691779	101434	Dehalobacterium formicoaceticum
ICE	ICE_DfoDMC_tRNAser_2	CP022121.1	532216	590354	58139	Dehalobacterium formicoaceticum
ICE	ICE_EfalV583_guaA	NC_004668.1	131636	164376	32741	Enterococcus faecalis
ICE	ICE_EfalV583_lepA	NC_004668.1	2163705	2274732	111028	Enterococcus faecalis
ICE	ICE_EfalV583_ND	NC_004668.1	2204888	2258589	53702	Enterococcus faecalis
ICE	ICE_EfalV583_rplS	NC_004668.1	1792883	1843075	50193	Enterococcus faecalis
ICE	ICE_EfalV583_tRNALys	NC_004668.1	445116	583433	138318	Enterococcus faecalis
ICE	ICE_EfalV583_tRNAthr	NC_004668.1	2436941	2462369	25429	Enterococcus faecalis
ICE	ICE_EfmISMMSVRE1_guaA	CP012430.1	2394773	2425394	30622	Enterococcus faecium
ICE	ICE_EfmISMMSVRE1_rpsI	CP012430.1	2539659	2604823	65165	Enterococcus faecium
ICE	ICE_EfmISMMSVRE1_Tn916	CP012430.1	2171009	2187902	16894	Enterococcus faecium
ICE	ICE_erm42	CP060730.1	568141	660867	92727	Salmonella enterica
ICE	ICE_FprA2-165_intser	CP048437.1	2953478	3012338	58861	Faecalibacterium duncaniae
ICE	ICE_FprA2-165_NS_1	CP048437.1	150446	189418	38973	Faecalibacterium duncaniae
ICE	ICE_FprA2-165_NS_2	CP048437.1	1318744	1374401	55658	Faecalibacterium duncaniae
ICE	ICE_FprA2-165_NS_3	CP048437.1	1721861	1749525	27665	Faecalibacterium duncaniae
ICE	ICE_FprA2-165_rpsI	CP048437.1	372763	455173	82411	Faecalibacterium duncaniae
ICE	ICE_FprA2-165_rumA	CP048437.1	1761411	1808878	47468	Faecalibacterium duncaniae
ICE	ICE_FprA2-165_tRNAleu	CP048437.1	2560021	2594467	34447	Faecalibacterium duncaniae
ICE	ICE_FprA2-165_tRNApro	CP048437.1	2116290	2193364	77075	Faecalibacterium duncaniae
ICE	ICE_Lca919_tRNAarg	NC_021721.1	597946	688156	90211	Lacticaseibacillus paracasei,
ICE	ICE_LlaIO-1_dif	NC_020450.1	1210103	1267503	57401	Lactococcus lactis
ICE	ICE_LlaIO-1_tatD	NC_020450.1	597263	662123	64861	Lactococcus lactis
ICE	ICE_LmoLCC2378_NS	NC_018585.1	2310199	2345961	35763	Listeria monocytogenes
ICE	ICE_LphP3177T_abc	LT635479.1	2207153	2258721	51569	Eubacterium sp.
ICE	ICE_LphP3177T_intser	LT635479.1	17895	77832	59938	Eubacterium sp.
ICE	ICE_LphP3177T_rpsI	LT635479.1	2385967	2443079	57113	Eubacterium sp.
ICE	ICE_LphP3177T_tRNAarg	LT635479.1	2943956	2969220	25265	Eubacterium sp.
ICE	ICE_LphP3177T_uvrB	LT635479.1	536977	621026	84050	Eubacterium sp.
ICE	ICE_LspYL32_fic	CP015399.2	6107227	6214456	107230	Lachnoclostridium sp.
ICE	ICE_LspYL32_lysS	CP015399.2	922053	1021359	99307	Lachnoclostridium sp.
ICE	ICE_LspYL32_ND	CP015399.2	5808048	5928531	120484	Lachnoclostridium sp.
ICE	ICE_RbtetW_07	JNKJ01000020.1	88079	111915	23837	Blautia schinkii
ICE	ICE_RhoA2-183_lysS	NC_015977.1	3257803	3339220	81418	Roseburia hominis
ICE	ICE_RhoA2-183_ND	NC_015977.1	2942320	2969996	27677	Roseburia hominis
ICE	ICE_RhoA2-183_NS_1	NC_015977.1	2232303	2282498	50196	Roseburia hominis
ICE	ICE_RhoA2-183_NS_2	NC_015977.1	3429628	3520087	90460	Roseburia hominis
ICE	ICE_RhoA2-183_rpsI	NC_015977.1	332134	448821	116688	Roseburia hominis
ICE	ICE_SagNEM316_TnGBS2	NC_004368.1	1163554	1197443	33890	Streptococcus agalactiae
ICE	ICE_SanC1051_TnGBS1_1	NC_022244.1	357482	397824	40343	Streptococcus anginosus
ICE	ICE_SanC1051_TnGBS1_2	NC_022244.1	838145	878486	40342	Streptococcus anginosus
ICE	ICE_SdyRE378_rumA	NC_018712.1	1288173	1348638	60466	Streptococcus dysgalactiae
ICE	ICE_SdyRE378_TnGBS2	NC_018712.1	1602651	1636331	33681	Streptococcus dysgalactiae
ICE	ICE_Seq35246_mutT	NC_017582.1	1545740	1602295	56556	Streptococcus equi
ICE	ICE_Seq35246_TnGBS2	NC_017582.1	1882597	1914385	31789	Streptococcus equi
ICE	ICE_Sga2069_TnGBS2_1	NC_015215.1	1419707	1450285	30579	Streptococcus gallolyticus
ICE	ICE_Sga2069_TnGBS2_2	NC_015215.1	2082200	2118311	36112	Streptococcus gallolyticus
ICE	ICE_Spy2096_rumA	NC_008023.1	1057933	1120859	62927	Streptococcus pyogenes
ICE	ICE_SpyHKU_rumA	AFRY01000001.1	813753	878646	64894	Streptococcus pyogenes
ICE	SXT(HN1)	AB450045	1	19086	19086	Vibrio cholerae
ICE	ICE_SsaFDA259_Tn916	CP020451.2	1792004	1815306	23303	Streptococcus salivarius
ICE	ICEVflH-08942	KM213605.1	1	102878	102878	Vibrio fluvialis
ICE	pMR2	AY860110	1	11188	11188	Micromonospora rosaria
ICE	ICE_SsalB35_rpsI	LR822044.1	106392	134849	28458	Streptococcus salivarius
ICE	ICE_SsalB50_fda	LR793256.1	2161975	2187845	25871	Streptococcus salivarius
ICE	ICE_SsalB57_fda	LR793259.1	2126294	2152765	26472	Streptococcus salivarius
ICE	ICE_SsalB57_TnGBS2	LR793259.1	1955102	1984120	29019	Streptococcus salivarius
ICE	ICE_SsalF1-4_fda	LR797999.1	2080530	2110265	29736	Streptococcus salivarius
ICE	ICE_SsalF1-8_rpmG	LR822045.1	2120699	2147970	27272	Streptococcus salivarius
ICE	CTn9343	CR626927	1727162	1804281	77120	Bacteroides fragilis
ICE	ICE_SsalF4-2_fda	LR800290.1	2093067	2123308	30242	Streptococcus salivarius
ICE	ICE_SsalF4-2_Tn916	LR800290.1	1480111	1503277	23167	Streptococcus salivarius
ICE	ICE_SsalF7-1_TnGBS2	LR822047.1	1930916	1962738	31823	Streptococcus salivarius
ICE	ICE_SsalJF_rpsI	CP014144.1	70603	106907	36305	Streptococcus salivarius
ICE	ICE_SsalL11_fda	LR822048.1	2081479	2121552	40074	Streptococcus salivarius
ICE	ICE_SsalL22_fda	LR793265.1	2131689	2168948	37260	Streptococcus salivarius
ICE	ICESauTW20-1	FN433596	2873696	2893601	19906	Staphylococcus aureus
ICE	ICE_SsalL22_hsdM	LR793265.1	740075	790111	50037	Streptococcus salivarius
ICE	ICE_SsalL25_fda	LR793266.1	2043409	2078610	35202	Streptococcus salivarius
ICE	ICE_SsalL45_rpsI	LR793267.1	99591	130597	31007	Streptococcus salivarius
ICE	ICE_SsalL50_rpsI	LR822051.1	100601	128098	27498	Streptococcus salivarius
ICE	ICE_SsalL60_rpsI	LR793268.1	123049	154456	31408	Streptococcus salivarius
ICE	ICE_SsalL61_fda	LR793269.1	2234857	2265552	30696	Streptococcus salivarius
ICE	ICE_SsalL61_Tn916	LR793269.1	259354	277339	17986	Streptococcus salivarius
ICE	ICE_SsalL61_TnGBS2	LR793269.1	2064323	2093292	28970	Streptococcus salivarius
ICE	ICE_SsalL64_fda	LR793271.1	2158933	2184749	25817	Streptococcus salivarius
ICE	ICE_SsalLAB813_Tn916	CP040804.1	385333	403318	17986	Streptococcus salivarius
ICE	ICESauT0131-1	CP002643	2720009	2739907	19899	Staphylococcus aureus
ICE	ICE_SsalN20_rpsI	LR793272.1	99454	133838	34385	Streptococcus salivarius
ICE	ICE_SsalN20_Tn916	LR793272.1	1415541	1438729	23189	Streptococcus salivarius
ICE	ICE_SsalN5_fda	LR793273.1	2115082	2141075	25994	Streptococcus salivarius
ICE	ICE_SsalT93_fda	LR793270.1	2050027	2078467	28441	Streptococcus salivarius
ICE	ICE_SsuBM407_mutT	NC_012926.1	504475	580446	75972	Streptococcus suis
ICE	ICESauJKD6008-1	CP002120	2755273	2775187	19915	Staphylococcus aureus
ICE	ICE_SsuBM407_rplL	NC_012926.1	1005780	1086173	80394	Streptococcus suis
ICE	ICE_SsuBM407_Tn916_1	NC_012926.1	535397	553428	18032	Streptococcus suis
ICE	ICE_SsuBM407_Tn916_2	NC_012926.1	1050000	1073371	23372	Streptococcus suis
ICE	ICE_SsuNSUI002_rplL_1	CP011419.1	1105569	1177121	71553	Streptococcus suis
ICE	ICE_SsuNSUI002_rplL_2	CP011419.1	1054469	1105569	51101	Streptococcus suis
ICE	ICE_SsuSC84_rplL	NC_012924.1	872702	961575	88874	Streptococcus suis
ICE	ICE_SsuZYH33_rplL	NC_009442.1	872952	961832	88881	Streptococcus suis
ICE	pSE102	AM420293	273573	285239	11667	Saccharopolyspora erythraea
ICE	ICE_SsuZYH33_Tn916	NC_009442.1	888251	906281	18031	Streptococcus suis
ICE	ICE_Step12228_tRNAser	NC_004461.1	1519667	1558081	38415	Staphylococcus epidermidis
ICE	ICE_StpsHKU10-03_Tn916	NC_014925.1	2195642	2213672	18031	Staphylococcus pseudintermedius
ICE	ICE-1	AP009385.1	954917	998765	43849	Burkholderia multivorans
ICE	ICE19	LR131956.1	172891	357712	184822	Thiomonas sp.
ICE	ICE-2	CP009832.1	990976	1064196	73221	Burkholderia multivorans
ICE	ICE-4	CP000352.1	1431368	1460904	29537	Cupriavidus metallidurans
ICE	ICE-5	HE965803.1	580467	610175	29709	Bordetella parapertussis
ICE	pSE211	AM420293	7823295	7840549	17255	Saccharopolyspora erythraea
ICE	ICE-6	CP027664.1	2745364	2767677	22314	Stutzerimonas stutzeri
ICE	ICE6660	MK497171.1	1	112205	112205	Pseudomonas aeruginosa
ICE	ICEAac1	CP012959.1	2164508	2181462	16955	Aggregatibacter actinomycetemcomitans
ICE	ICEAac2	CP012958.1	1948540	1976212	27673	Aggregatibacter actinomycetemcomitans
ICE	ICEAac3	CP043003.1	2132073	2197982	65910	Aggregatibacter actinomycetemcomitans
ICE	ICE-ABAQ	CP047260.1	657990	729779	71790	Pseudomonas syringae
ICE	ICEAcap1	NC_012483.1	1386780	1453488	66709	Acidobacterium capsulatum
ICE	ICEAcap2	NC_012483.1	3658945	3725767	66823	Acidobacterium capsulatum
ICE	pSE222	AM420293	1245945	1266370	20426	Saccharopolyspora erythraea
ICE	ICEAcap3	NC_012483.1	3727209	3795596	68388	Acidobacterium capsulatum
ICE	ICEAde1	LR134510.1	862616	914128	51513	Actinobacillus delphinicola
ICE	ICEAeq1	LR134310.1	200137	254057	53921	Actinobacillus equuli
ICE	ICEAmaD7	CP014323.1	1261745	1375908	114164	Alteromonas macleodii
ICE	ICEAmaMED64	CP004848.1	1194615	1274449	79835	Alteromonas mediterranea
ICE	ICEApa1	CP050316.1	2129122	2199489	70368	Avibacterium paragallinarum
ICE	ICEAplChn1	KX196444.1	1	100848	100848	Actinobacillus pleuropneumoniae
ICE	ICEApol1	CP030840.1	505917	531056	25140	Acidisarcina polymorpha
ICE	TnGBS2(genomicislandX)	NC_004368	1163887	1197331	33445	Streptococcus agalactiae
ICE	ICEVchBan8	JQ345361	1	103382	103382	Vibrio cholerae
ICE	ICEApol2	CP030840.1	4848388	4904726	56339	Acidisarcina polymorpha
ICE	ICEApol3	CP030840.1	5037772	5086665	48894	Acidisarcina polymorpha
ICE	ICEAsp1	MW030510.1	1	72978	72978	Actinobacillus sp.
ICE	ICEAsu1	CP009159.1	982132	1037894	55763	Actinobacillus suis
ICE	ICEAtu1	CP026924.1	272270	334336	62067	Agrobacterium tumefaciens
ICE	ICEAtu2	CP033031.1	2309372	2377994	68623	Agrobacterium tumefaciens
ICE	ICEAtu3	CP033032.1	1340555	1455519	114965	Agrobacterium tumefaciens
ICE	ICEAtu4	CP042274.1	2013312	2114889	101578	Agrobacterium tumefaciens
ICE	ICEBcaI48-1	CP015401.2	1448812	1503529	54718	Bacteroides caecimuris
ICE	ICEBdoCL03T12C01-1	CP011531.1	2319000	2365988	46989	Phocaeicola dorei
ICE	TnGBS1	NC_004368	385757	432824	47068	Streptococcus agalactiae
ICE	ICEBdoHS2_L_2_B_045b-1	CP009057.1	1637634	1686354	48721	Bacteroides dorei
ICE	ICEBfrQ1F2-1	CP018937.1	2953654	3009208	55555	Bacteroides fragilis
ICE	ICEbphKF708	LC469611.1	1	61805	61805	Cupriavidus basilensis
ICE	ICEbphKF712	LC469613.1	1	59428	59428	Comamonas testosteroni
ICE	ICEbph-salKF701	LC469607.1	1	117415	117415	Pseudomonas abietaniphila
ICE	ICEbph-salKF702	LC469608.1	1	125748	125748	Pseudomonas aeruginosa
ICE	ICEbph-salKF703	LC469609.1	1	120831	120831	Pseudomonas putida
ICE	ICEbph-salKF707	LC469610.1	1	122021	122021	Pseudomonas furukawaii
ICE	ICEbph-salKF710	LC469612.1	1	130299	130299	Pseudomonas toyotomiensis
ICE	pNEM316-1(islandVII)	NC_004368	711824	758891	47068	Streptococcus agalactiae
ICE	ICEbph-salKF716	LC469614.1	1	117300	117300	Pseudomonas stutzeri
ICE	ICEBsaDSM18170-1	CP002530.1	2939351	2990000	50650	Bacteroides salanitronis
ICE	ICEBviDSM18177-1	CP007034.1	2851185	2910140	58956	Barnesiella viscericola
ICE	ICECspPOL2	CP049298.1	1767025	1883295	116271	Chryseobacterium sp.
ICE	ICEDda1	NC_014500.1	3126494	3201103	74610	Dickeya dadantii
ICE	ICEDda2	CP023467.1	866896	926592	59697	Dickeya dadantii
ICE	ICE-DQ	CP047260.1	730406	814013	83608	Pseudomonas syringae
ICE	pNEM316-1(islandVIII)	NC_004368	1013025	1060094	47070	Streptococcus agalactiae
ICE	ICEDso1_IFB0223	CP024710.1	1870124	1918502	48379	Dickeya solani
ICE	ICEDso1_IFB0417	CP051459.1	1872976	1921336	48361	Dickeya solani
ICE	ICEDso1_IFB0421	CP051460.1	1873239	1921616	48378	Dickeya solani
ICE	ICEDso1_IFB 0099	CP024711.1	1873274	1921652	48379	Dickeya solani
ICE	ICEDso1_IFB0167	CP051457.1	1873279	1921657	48379	Dickeya solani
ICE	ICEDso1_IFB0231	CP051458.1	1873279	1921657	48379	Dickeya solani
ICE	ICEDso1_IPO2222	CP015137.1	4033605	4081983	48379	Dickeya solani
ICE	ICEDso1_RNS08.23.3.1.A	CP016928.1	4694369	4742747	48379	Dickeya solani
ICE	ICEDso1_PPO9019	CP017454.1	828904	877282	48379	Dickeya solani
ICE	ICEDso1_Ds0432	CP017453.1	835683	884061	48379	Dickeya solani
ICE	SLP1	NC_003888	5038594	5055797	17204	Streptomyces coelicolor
ICE	ICEEaI(1)	BK010586.1	1	63549	63549	TPA_exp: Elizabethkingia
ICE	ICEEaI(1)	BK010587.1	1	62894	62894	TPA_exp: Elizabethkingia
ICE	ICEEaI(1)	BK010588.1	1	62860	62860	TPA_exp: Elizabethkingia
ICE	ICEEaI(1)	BK010589.1	1	62960	62960	TPA_exp: Elizabethkingia
ICE	ICEEaI(2)	BK010590.1	1	69029	69029	TPA_exp: Elizabethkingia
ICE	ICEEaI(4)	BK010591.1	1	97160	97160	TPA_exp: Elizabethkingia
ICE	ICEEaI(6)	BK010592.1	1	79842	79842	TPA_exp: Elizabethkingia
ICE	ICEEaI(7)	BK010593.1	1	59635	59635	TPA_exp: Elizabethkingia
ICE	ICEEaI(8)	BK010594.1	1	95803	95803	TPA_exp: Elizabethkingia
ICE	ICEEaII(1)	BK010595.1	1	63840	63840	TPA_exp: Elizabethkingia
ICE	ICEEaII(1)	BK010596.1	1	63840	63840	TPA_exp: Elizabethkingia
ICE	ICEEaII(10)	BK010603.1	1	36967	36967	TPA_exp: Elizabethkingia
ICE	ICEEaII(11)	BK010604.1	1	36957	36957	TPA_exp: Elizabethkingia
ICE	ICEEaII(12)	BK010605.1	1	71591	71591	TPA_exp: Elizabethkingia
ICE	ICEEaII(2)	BK010597.1	1	34270	34270	TPA_exp: Elizabethkingia
ICE	ICEEaII(3)	BK010598.1	1	56734	56734	TPA_exp: Elizabethkingia
ICE	ICEEaII(5)	BK010599.1	1	22876	22876	TPA_exp: Elizabethkingia
ICE	ICE6094	FR670347	1	61030	61030	Streptococcus pneumoniae
ICE	ICEEaII(6)	BK010600.1	1	91608	91608	TPA_exp: Elizabethkingia
ICE	ICEEaII(7)	BK010601.1	1	104603	104603	TPA_exp: Elizabethkingia
ICE	ICEEaII(8)	BK010602.1	1	73167	73167	TPA_exp: Elizabethkingia
ICE	ICEEaIII(1)	BK010606.1	1	101692	101692	TPA_exp: Elizabethkingia
ICE	ICEEaIII(10)	BK010623.1	1	33929	33929	TPA_exp: Elizabethkingia
ICE	ICEEaIII(11)	BK010613.1	1	98049	98049	TPA_exp: Elizabethkingia
ICE	ICEEaIII(12)	BK010614.1	1	84534	84534	TPA_exp: Elizabethkingia
ICE	ICEEaIII(13)	BK010615.1	1	67662	67662	TPA_exp: Elizabethkingia
ICE	ICEEaIII(13)	BK010616.1	1	66636	66636	TPA_exp: Elizabethkingia
ICE	ICE-KKS	AB546270	1	61807	61807	Acidovorax sp.
ICE	ICEEaIII(14)	BK010617.1	1	31721	31721	TPA_exp: Elizabethkingia
ICE	ICEEaIII(14)	BK010618.1	1	37189	37189	TPA_exp: Elizabethkingia
ICE	ICEEaIII(15)	BK010624.1	1	73828	73828	TPA_exp: Elizabethkingia
ICE	ICEEaIII(16)	BK010619.1	1	31732	31732	TPA_exp: Elizabethkingia
ICE	ICEEaIII(17)	BK010620.1	1	24456	24456	TPA_exp: Elizabethkingia
ICE	ICEEaIII(18)	BK010621.1	1	69393	69393	TPA_exp: Elizabethkingia
ICE	ICEEaIII(19)	BK010622.1	1	28887	28887	TPA_exp: Elizabethkingia
ICE	ICEEaIII(2)	BK010607.1	1	77358	77358	TPA_exp: Elizabethkingia
ICE	ICEEaIII(3)	BK010608.1	1	31534	31534	TPA_exp: Elizabethkingia
ICE	ICEEaIII(4)	BK010609.1	1	44888	44888	TPA_exp: Elizabethkingia
ICE	ICEEaIII(5)	BK010610.1	1	60900	60900	TPA_exp: Elizabethkingia
ICE	ICEEaIII(6)	BK010611.1	1	74499	74499	TPA_exp: Elizabethkingia
ICE	ICEEaIII(7)	BK010625.1	1	116331	116331	TPA_exp: Elizabethkingia
ICE	ICEEaIII(8)	BK010626.1	1	109040	109040	TPA_exp: Elizabethkingia
ICE	ICEEaIII(9)	BK010612.1	1	30166	30166	TPA_exp: Elizabethkingia
ICE	ICEEC8	LOGV01000031.1	282800	364210	81411	Escherichia coli
ICE	ICEErZJ	MG812141.1	1	79087	79087	Erysipelothrix rhusiopathiae
ICE	ICEGan1	NC_015460.1	321977	379145	57169	Gallibacterium anatis
ICE	ICEGEN	MK165650.1	1	96718	96718	Vibrio cholerae
ICE	ICEGpa1804	CP069308.1	717521	789400	71880	Glaesserella parasuis
ICE	ICEGpa2	CP049090.1	1351751	1421790	70040	Glaesserella parasuis
ICE	ICEGpa3	CP018032.1	1710663	1776472	65810	Glaesserella parasuis
ICE	ICEGtun1	NC_015064.1	3633215	3672162	38948	Granulicella tundricola
ICE	ICEVchBan9	CP001485	2958347	3066049	107703	Vibrio cholerae
ICE	ICEHdu1	NC_002940.2	718953	768668	49716	[Haemophilus] ducreyi
ICE	ICEHdu2	CP015434.1	162562	211583	49022	[Haemophilus] ducreyi
ICE	ICEHin8	LS483392.1	192252	244996	52745	Haemophilus influenzae
ICE	ICEHo35-I	CP035543.1	449355	479744	30390	Metamycoplasma hominis
ICE	ICEHo35-II	CP035543.1	312315	341498	29184	Metamycoplasma hominis
ICE	ICEHo4235-I	CP038014.1	397452	428015	30564	Metamycoplasma hominis
ICE	ICEHo4235-II	CP038014.1	778637	809029	30393	Metamycoplasma hominis
ICE	Tn6103	BK008007.1	1	84964	84964	TPA_exp: Clostridium
ICE	ICEHpa1	CP054198.1	1511383	1580304	68922	Glaesserella parasuis
ICE	ICEHs02	CP042993.1	687500	760418	72919	Histophilus somni
ICE	ICEHs1	MF136609.1	1	64932	64932	Histophilus somni
ICE	ICEHso3	NC_008309.1	1952153	2005728	53576	Histophilus somni
ICE	ICEHso4	CP018803.1	686759	761246	74488	Histophilus somni
ICE	ICEKKS1024677	AB546270.1	1	61807	61807	Acidovorax sp.
ICE	ICEKpSL1	MK257718.1	1	70211	70211	Klebsiella pneumoniae
ICE	ICEMcSym1192	CP015062.1	4216410	4635338	418929	Mesorhizobium ciceri
ICE	ICEMfrJAM7	CP003380.1	495596	606053	110458	Methylophaga frappieri
ICE	Tn1207.3	AY657002	1	52491	52491	Streptococcus pyogenes
ICE	ICEMh3	CP006942.1	959858	1026317	66460	Mannheimia sp.
ICE	ICEMha2	NC_020833.2	1557279	1616347	59069	Mannheimia haemolytica
ICE	pKLC102	AY257538	1	103532	103532	Pseudomonas aeruginosa
ICE	ICEMyc226	MN587876.1	1	388440	388440	Mycolicibacterium sp.
ICE	ICEnahCSV86	AMWJ02000001.1	274076	379297	105222	Pseudomonas bharatica
ICE	ICEOrhORT-UMN88-1	CP006828.1	2117077	2164100	47024	Ornithobacterium rhinotracheale
ICE	ICEP33	CP065412.1	5123334	5334548	211215	Pseudomonas aeruginosa
ICE	ICEPae1161	CP032126.1	5194320	5349487	155168	Pseudomonas aeruginosa
ICE	ICEPca1_36A	CP024956.1	586814	683968	97155	Pectobacterium atrosepticum
ICE	ICEPca1_SCRI1043	NC_004547.2	590755	688599	97845	Pectobacterium atrosepticum
ICE	PAGI-2	AF440523	27286	132240	104955	Pseudomonas aeruginosa
ICE	ICEPca1_21A	CP009125.1	975442	1072594	97153	Pectobacterium atrosepticum
ICE	ICEPca1_JG10-8	CP007744.1	980430	1077384	96955	Pectobacterium atrosepticum
ICE	ICEPca2	NC_004547.2	1867875	1926959	59085	Pectobacterium atrosepticum
ICE	ICEPca3	CP007744.1	3165718	3228840	63123	Pectobacterium atrosepticum
ICE	ICEPca4	CP024956.1	1863011	1908923	45913	Pectobacterium atrosepticum
ICE	ICEPcc1	CP034237.1	1595656	1632307	36652	Pectobacterium carotovorum
ICE	ICEPcc2	CP034236.1	1663873	1730176	66304	Pectobacterium carotovorum
ICE	ICEPciChn180	CP073356.1	3209019	3335275	126257	Proteus terrae
ICE	ICEPciChn2	MW423608.1	1	140916	140916	Proteus terrae
ICE	PAPI-1	CP000438	5251440	5359392	107953	Pseudomonas aeruginosa
ICE	ICEPflCDM8	CP047240.1	950152	1060244	110093	Pseudoalteromonas sp.
ICE	ICEPgs6Chn1	MN507533.1	1	116235	116235	Proteus genomosp.
ICE	ICEPinKCOM1741-1	CP024733.1	592106	640400	48295	Prevotella intermedia
ICE	ICEPinKCOM2033-1	CP024696.1	2702780	2752400	49621	Prevotella intermedia
ICE	PAGI-5	EF611301	1	99276	99276	Pseudomonas aeruginosa
ICE	ICEPmiBra595	WEKH01000004.1	55053	130714	75662	Proteus mirabilis
ICE	ICEPmiBra607	CP049753.1	1687350	1780822	93473	Proteus mirabilis
ICE	ICEPmiBra614	WEKJ01000004.1	54801	139479	84679	Proteus mirabilis
ICE	ICEPmiBra618	WEKI01000001.1	130187	195100	64914	Proteus mirabilis
ICE	ICEPmiChn15C1	KX268685.1	1	64682	64682	Proteus mirabilis
ICE	ICEPmiChnBCP11	MG773277.1	1	141263	141263	Proteus mirabilis
ICE	ICEPmiChnChSC1905	CP047929.1	3384696	3471195	86500	Proteus mirabilis
ICE	ICEPmiChnJZ26	ON630400.1	1	106414	106414	Proteus mirabilis
ICE	ICEPmiChn-JZ35	ON390821.1	1	142200	142200	Proteus terrae
ICE	ICEPmiChnJZ57	ON553412.1	1	116292	116292	Proteus mirabilis
ICE	ICEPmiChnSTP3	MT449450.1	1	118916	118916	Proteus mirabilis
ICE	ICEPmiChn-TQ12	ON390822.1	1	147546	147546	Proteus terrae
ICE	ICEPmiFra1	MF490434.1	1	107395	107395	Proteus mirabilis
ICE	ICEPaeC3719-1	NW_001999377	5416255	5494550	78296	Pseudomonas aeruginosa
ICE	ICEPmiIre01	MN520463.1	1	81300	81300	Proteus mirabilis
ICE	ICEPmiJpn1_PM655	KT894734.1	1	92934	92934	Proteus mirabilis
ICE	ICEPaePACS2-1	AAQW01000001.1	896159	1003026	106868	Pseudomonas aeruginosa
ICE	ICEPmu2	CP038871.1	1998244	2056820	58577	Pasteurella multocida
ICE	ICEPmu3	CP038873.1	1026914	1096464	69551	Pasteurella multocida
ICE	ICEPmu4	CP038875.1	2009809	2087766	77958	Pasteurella multocida
ICE	ICEKpnHS11286-1	CP003200	3433546	3495775	62230	Klebsiella pneumoniae
ICE	ICEPspCT06-1	CP022754.1	512165	563352	51188	Parabacteroides sp.
ICE	ICEPsy1	NC_007005.1	1604658	1724374	119717	Pseudomonas syringae
ICE	ICEPsy10	CP024712.1	5548512	5709520	161009	Pseudomonas syringae
ICE	ICEPsy11_CRAFRU14.08	CP019732.1	1735800	1828308	92509	Pseudomonas syringae
ICE	ICEPsy11_CRAFRU12.29	CP019730.1	1737471	1829979	92509	Pseudomonas syringae
ICE	ICEPsy12	CP019732.1	5462941	5504692	41752	Pseudomonas syringae
ICE	ICEPsy13	CP017009.1	5410536	5501754	91219	Pseudomonas syringae
ICE	ICEPsy14	CP032871.1	1689937	1797268	107332	Pseudomonas syringae
ICE	ICEPsy15	LT963391.1	1050946	1102190	51245	Pseudomonas syringae
ICE	10750-RD.2	CP000262	1621728	1670248	48521	Streptococcus pyogenes
ICE	ICEPsy16	LT963409.1	4987773	5066398	78626	Pseudomonas syringae
ICE	ICEPsy17	CP006256.1	5140209	5226281	86073	Pseudomonas syringae
ICE	ICEPsy18	CP034078.1	865150	953883	88734	Pseudomonas syringae
ICE	ICEPsy19	CP007014.1	2591336	2746640	155305	Pseudomonas syringae
ICE	ICEPsy2_CRAFRU14.08	CP019732.1	1829573	1980910	151338	Pseudomonas syringae
ICE	ICEPsy2_ICMP18884	CP011972.2	5266318	5409556	143239	Pseudomonas syringae
ICE	ICEPsy2_NZ-47	CP017009.1	5266318	5409556	143239	Pseudomonas syringae
ICE	ICEPsy2_ICMP18708	CP012179.1	5266321	5409559	143239	Pseudomonas syringae
ICE	ICEPsy2_CRAFRU12.29	CP019730.1	5360196	5503434	143239	Pseudomonas syringae
ICE	ICEPsy2_NZ-45	CP017007.1	5369000	5512238	143239	Pseudomonas syringae
ICE	10750-RD.1	CP000262	902811	918225	15415	Streptococcus pyogenes
ICE	ICEPsy2_P155	CP032871.1	5384241	5527881	143641	Pseudomonas syringae
ICE	ICEPsy2_Shaanxi_M228	CP032631.1	5463863	5614284	150422	Pseudomonas syringae
ICE	ICEPsy20	CP047267.1	5453047	5484042	30996	Pseudomonas syringae
ICE	ICEPsy3	CP032631.1	1672240	1753644	81405	Pseudomonas syringae
ICE	ICEPsy4	CP032631.1	1753496	1862291	108796	Pseudomonas syringae
ICE	ICEPsy5	CP032631.1	1862882	1911082	48201	Pseudomonas syringae
ICE	ICEPsy6	CP017007.1	1734480	1836698	102219	Pseudomonas syringae
ICE	ICEPsy7_ICMP18884	CP011972.2	1734470	1784283	49814	Pseudomonas syringae
ICE	ICEPsy7_NZ-47	CP017009.1	1734470	1784322	49853	Pseudomonas syringae
ICE	ICEPsy7_ICMP18708	CP012179.1	1734473	1791958	57486	Pseudomonas syringae
ICE	2096-RD.2	CP000261	1057904	1120305	62402	Streptococcus pyogenes
ICE	ICEPsy7_CRAFRU12.29	CP019730.1	1830465	1880317	49853	Pseudomonas syringae
ICE	ICEPsy7_NZ-45	CP017007.1	1835321	1892784	57464	Pseudomonas syringae
ICE	ICEPsy8	CP017007.1	5513439	5621120	107682	Pseudomonas syringae
ICE	ICEPsy9	CP024712.1	4717464	4816692	99229	Pseudomonas syringae
ICE	ICEPvuChnBC22	MH160822.1	1	148751	148751	Proteus vulgaris
ICE	ICERanRCAD0133-1	CP029760.1	991320	1062210	70891	Riemerella anatipestifer
ICE	ICERanRCAD0179-1	QXQM01000004.1	54705	103871	49167	Riemerella anatipestifer
ICE	ICERcoDSM16469-1	ARFT01000009.1	30256	79009	48754	Riemerella columbina
ICE	ICERm1	CP010799.2	1635815	1718887	83073	Ralstonia mannitolilytica
ICE	2096-RD.1	CP000261	841628	856896	15269	Streptococcus pyogenes
ICE	ICERps1_FJAT-91	CP016612.1	1283877	1335170	51294	Ralstonia solanacearum
ICE	ICERps1_FJAT91-F1	CP056083.1	2505206	2556182	50977	Ralstonia solanacearum
ICE	ICERps1_FJAT91-F8	CP056085.1	2505097	2556073	50977	Ralstonia solanacearum
ICE	ICERps2_FQY_4	CP004012.1	1113417	1173796	60380	Ralstonia solanacearum
ICE	ICERps2_YC40-M	CP015850.1	2532466	2588165	55700	Ralstonia solanacearum
ICE	ICERps3	CP022481.1	1709954	1756828	46875	Ralstonia solanacearum
ICE	ICERps4	CP039339.1	545761	602147	56387	Ralstonia solanacearum
ICE	ICERspD18B	CP037745.1	2629186	2657721	28536	Rheinheimera sp.
ICE	ICERsy1_SL3175	CP022788.1	1925467	1985763	60297	Ralstonia solanacearum
ICE	ICERsy1_T98	CP022759.1	1925451	1985747	60297	Ralstonia solanacearum
ICE	9429-RD.1	CP000259	880857	895709	14853	Streptococcus pyogenes
ICE	ICEShaJpn1	BFBQ01000004.1	213376	320508	107133	Shewanella halifaxensis
ICE	ICESpsH35–1	CP076721.1	1607033	1676868	69836	Streptococcus parasuis
ICE	ICESpsH35–2	CP076721.1	2018960	2081277	62318	Streptococcus parasuis
ICE	ICESpsSUT-286-1	AP024276.1	910877	1034765	123889	Streptococcus parasuis
ICE	ICESpsSUT-286-2	AP024276.1	1759153	1810570	51418	Streptococcus parasuis
ICE	ICESpsSUT-286-3	AP024276.1	1842722	1907421	64700	Streptococcus parasuis
ICE	6180-RD.2	CP000056	1284967	1322395	37429	Streptococcus pyogenes
ICE	ICESsu1112S	MW790610.1	1	74372	74372	Streptococcus suis
ICE	ICESsu14ND1	MK211778.1	1	72430	72430	Streptococcus suis
ICE	ICESsu14ND70	MK211807.1	1	75463	75463	Streptococcus suis
ICE	ICESsu90-1330	CP012731.1	1980062	2051061	71000	Streptococcus suis
ICE	ICESsuSC117	MW026423.1	1	63983	63983	Streptococcus suis
ICE	ICESsuSC216	MK359991.1	1	54396	54396	Streptococcus suis
ICE	ICESsuSC317	MK359989.1	1	106789	106789	Streptococcus suis
ICE	370-RD.1	AE004092	884024	893806	9783	Streptococcus pyogenes
ICE	ICESsuYS10	MK211809.1	1	72113	72113	Streptococcus suis
ICE	ICESsuYS108	MK211815.1	1	53645	53645	Streptococcus suis
ICE	ICESsuYS146	MK211816.1	1	78664	78664	Streptococcus suis
ICE	ICESsuYS156	MK211817.1	1	60835	60835	Streptococcus suis
ICE	ICESsuYS162	MK211818.1	1	76844	76844	Streptococcus suis
ICE	ICESsuYS165	MK211819.1	1	60848	60848	Streptococcus suis
ICE	ICESsuYS17	MK211810.1	1	74837	74837	Streptococcus suis
ICE	ICESsuYS172	MK211820.1	1	50582	50582	Streptococcus suis
ICE	ICESsuYS19	MK211811.1	1	113988	113988	Streptococcus suis
ICE	ICESsuYS196	MK211821.1	1	68700	68700	Streptococcus suis
ICE	5005-RD.1	CP000017	802286	812201	9916	Streptococcus pyogenes
ICE	ICESsuYS205	MK211822.1	1	68700	68700	Streptococcus suis
ICE	ICESsuYS209	MK211823.1	1	63531	63531	Streptococcus suis
ICE	ICESsuYS3	MK211808.1	1	63322	63322	Streptococcus suis
ICE	ICESsuYS31	MK211812.1	1	78266	78266	Streptococcus suis
ICE	ICESsuYS34	MK211813.1	1	65361	65361	Streptococcus suis
ICE	ICESsuYS388	MK211824.1	1	70013	70013	Streptococcus suis
ICE	ICESsuYS430	MK211825.1	1	72108	72108	Streptococcus suis
ICE	ICESsuYS538	MK211826.1	1	66578	66578	Streptococcus suis
ICE	ICESsuYS64	MN394765.1	1	69107	69107	Streptococcus suis
ICE	ICESsuYS66	MK211814.1	1	73250	73250	Streptococcus suis
ICE	10270-RD.1	CP000260	871808	887174	15367	Streptococcus pyogenes
ICE	ICESsuYSB17_rplL	MN876247.1	1	70667	70667	Streptococcus suis
ICE	ICESupCHN110003	MG014393.1	1	91669	91669	Shewanella algae
ICE	ICETET	MK165649.1	1	91463	91463	Vibrio cholerae
ICE	ICETsaa1	NC_014963.1	2870403	2921190	50788	Terriglobus saanensis
ICE	10270-RD.2	CP000260	1312338	1346637	34300	Streptococcus pyogenes
ICE	ICETsaa2	NC_014963.1	3600787	3667585	66799	Terriglobus saanensis
ICE	ICETsaa3	NC_014963.1	4507722	4549030	41309	Terriglobus saanensis
ICE	ICEValZJT1	CP016224.1	2476706	2564476	87771	Vibrio alginolyticus
ICE	ICEValZJT2	CP016224.1	936462	1036489	100028	Vibrio alginolyticus
ICE	ICEVch2010 EL-1786	CP003069.1	83542	182958	99417	Vibrio cholerae
ICE	ICE(Tn4371)6033	CP001068	2715199	2769318	54120	Ralstonia pickettii
ICE	ICEVchChn0956	KT151655.1	1	109322	109322	Vibrio cholerae
ICE	ICEVchChn1307	KJ817376.1	1	104025	104025	Vibrio cholerae
ICE	ICEVchMJ1236	CP001485.1	2958350	3066043	107694	Vibrio cholerae
ICE	ICEVchRua1	KY382507.1	1	97915	97915	Vibrio cholerae
ICE	ICEVchRua2	KY382506.1	1	97915	97915	Vibrio cholerae
ICE	ICE(Tn4371)6034	CP000469	1458447	1503679	45233	Shewanella sp.
ICE	ICEVchThd1	CP007653.1	579719	680801	101083	Vibrio cholerae
ICE	ICEVpaChn0574	MN199028.1	1	76762	76762	Vibrio parahaemolyticus
ICE	ICE(Tn4371)6035	NZ_AAOA01000008	133371	184030	50660	Congregibacter litoralis
ICE	ICE(Tn4371)6036	CP000512	730667	790510	59844	Acidovorax citrulli
ICE	ICE(Tn4371)6037	CP000884	2958779	3016679	57901	Delftia acidovorans
ICE	ICEXca1_B100	NC_010688.1	2798361	2862467	64107	Xanthomonas campestris
ICE	ICEXca1_3811	CP025750.1	2798845	2863378	64534	Xanthomonas campestris
ICE	ICEXca2	CP017308.1	2398353	2482109	83757	Xanthomonas campestris
ICE	ICEXfa1_9a5c	NC_002488.3	1934170	2022372	88203	Xylella fastidiosa
ICE	ICEXfa1_U24D	CP009790.1	1934275	2022404	88130	Xylella fastidiosa
ICE	ICEXfa2	CP009885.1	1399531	1497444	97914	Xylella fastidiosa
ICE	ICEXfa3	CP009823.1	1931410	2069541	138132	Xylella fastidiosa
ICE	ICEYh1	CP032487.1	3787208	3893449	106242	Yersinia hibernica
ICE	NCAV2-E1	LT981265.1	872238	937715	65478	Candidatus Nitrosocaldus
ICE	ICE(Tn4371)6038	AAUJ02000001	3228493	3280947	52455	Comamonas testosteroni
ICE	NCAV2-E2	LT981265.1	382904	426423	43520	Candidatus Nitrosocaldus
ICE	NitAR2-E3	NC_018656.1	956618	999132	42515	Candidatus Nitrosopumilus
ICE	NitEve-E6	CP007174.1	2774985	2930892	155908	Candidatus Nitrososphaera
ICE	NitIsl-E1	CP024014.1	776170	839949	63780	Candidatus Nitrosocaldus
ICE	NitIsl-E2	CP024014.1	1287453	1330972	43520	Candidatus Nitrosocaldus
ICE	NitIsl-E3	CP024014.1	1410933	1451557	40625	Candidatus Nitrosocaldus
ICE	NitNCS1-E3	LT841358.1	1907756	1972552	64797	Nitrosotalea sp.
ICE	NitVie-E3	NC_018719.1	1508251	1613638	105388	Candidatus Nitrososphaera
ICE	ICE(Tn4371)6039	CP000539	3075815	3129303	53489	Acidovorax sp.
ICE	Tn4371	CP021764.1	2780419	2826032	45614	Ralstonia pseudosolanacearum
ICE	Tn4371	NC_003295.1	2780151	2825764	45614	Ralstonia pseudosolanacearum
ICE	Tn4371	CP021762.1	2780170	2825773	45604	Ralstonia pseudosolanacearum
ICE	Tn6397	CP021851.1	386444	510401	123958	Enterobacter cloacae
ICE	Tn6413	CP030075.1	337873	451939	114067	Pseudomonas aeruginosa
ICE	Tn6512	AY090559.1	1	88532	88532	Providencia rettgeri
ICE	Tn6584	CP054843.1	5210218	5310913	100696	Pseudomonas aeruginosa
ICE	ICE(Tn4371)6040	AM902716	2250540	2297731	47192	Bordetella petrii
ICE	Tn6585	CP046402.2	5360752	5461449	100698	Pseudomonas aeruginosa
ICE	Tn6586	CP060392.1	5210194	5310891	100698	Pseudomonas aeruginosa
ICE	Tn6587	CP054623.1	4283536	4404385	120850	Pseudomonas aeruginosa
ICE	Tn6647	MK590023.1	1	32899	32899	Enterococcus faecalis
ICE	Tn6685	MN106410.1	1	52414	52414	Haemophilus influenzae
ICE	Tn6686	MN106411.1	1	64737	64737	Haemophilus influenzae
ICE	Tn6687	MN106412.1	1	68777	68777	Haemophilus influenzae
ICE	Tn6745	ACDX02000001.1	182977	219037	36061	Neisseria mucosa
ICE	ICE(Tn4371)6041	AAKW01000024.1	1554	50091	48538	Pseudomonas aeruginosa
ICE	Tn6783_201330	CP054623.1	2596147	2668162	72016	Pseudomonas aeruginosa
ICE	Tn6783_1305RE	CP054787.1	4715921	4787938	72018	Pseudomonas aeruginosa
ICE	Tn6784	CP054794.1	5265375	5366842	101468	Pseudomonas aeruginosa
ICE	Tn6785	CP046403.1	5864318	5955787	91470	Pseudomonas aeruginosa
ICE	Tn6786	CP046404.1	5480155	5579855	99701	Pseudomonas aeruginosa
ICE	Tn6788_SE5452_1	CP054793.1	4437391	4540227	102837	Pseudomonas aeruginosa
ICE	Tn6788_SE5452_2	CP054793.1	5162072	5264888	102817	Pseudomonas aeruginosa
ICE	Tn6789	CP054792.1	5292189	5391306	99118	Pseudomonas aeruginosa
ICE	Tn6790_SE5381	CP054789.1	5419705	5534118	114414	Pseudomonas aeruginosa
ICE	Tn6790_SE5418	CP054790.1	5579767	5694180	114414	Pseudomonas aeruginosa
ICE	ICE(Tn4371)6042	CP000744	3829571	3884857	55287	Pseudomonas aeruginosa
ICE	Tn6791	CP054845.1	891091	1015914	124824	Pseudomonas aeruginosa
ICE	Tn6792	CP008857.1	3269430	3355114	85685	Pseudomonas aeruginosa
ICE	Tn6794	CP054790.1	4806803	4917164	110362	Pseudomonas aeruginosa
ICE	Tn6795	CP054844.1	5633068	5721666	88599	Pseudomonas aeruginosa
ICE	Tn6796_YTSY4	CP054788.1	5439374	5529067	89694	Pseudomonas aeruginosa
ICE	Tn6796_T12746	CP045552.1	5543430	5633123	89694	Pseudomonas aeruginosa
ICE	Tn6797	CP054787.1	5470153	5560329	90177	Pseudomonas aeruginosa
ICE	Tn6815	LR828204.1	1	23299	23299	Streptococcus mitis
ICE	Tn6816	LR828206.1	1	20846	20846	Streptococcus constellatus
ICE	Tn6825	CP020704.1	4986385	5078349	91965	Pseudomonas aeruginosa
ICE	ICE(Tn4371)6066	CP001392	3746937	3795957	49021	Acidovorax ebreus
ICE	Tn6826	CP054791.1	5469649	5556086	86438	Pseudomonas aeruginosa
ICE	Tn6827	CP046405.1	5298982	5388284	89303	Pseudomonas aeruginosa
ICE	Tn6828	CP011317.1	6087903	6172252	84350	Pseudomonas aeruginosa
ICE	Tn6829	CP046406.2	5768078	5857330	89253	Pseudomonas aeruginosa
ICE	Tn6860	CP059298.1	575696	691964	116269	Providencia rettgeri
ICE	Tn6861	CP059345.1	727272	869956	142685	Providencia rettgeri
ICE	Tn6862	CP059348.1	704853	810761	105909	Providencia rettgeri
ICE	Tn6864	MT219827.1	1	108763	108763	Providencia rettgeri
ICE	Tn6865	CP031123.2	751328	820050	68723	Providencia huaxiensis
ICE	ICE(Tn4371)6067	CP000884	2949925	3016679	66755	Delftia acidovorans
ICE	Tn6954	KY623658.1	1	95872	95872	Alcaligenes faecalis
ICE	Tn6956	MF168946.1	1	123131	123131	Pseudomonas aeruginosa
ICE	Tn6966	CP064830.1	3371703	3442829	71127	Morganella morganii
ICE	Tn7100	OW736085.1	1	73601	73601	Haemophilus influenzae
ICE	Tn7406	CP087379.1	1564187	1622411	58225	Mannheimia haemolytica
ICE	ICEMaB5P-1	FXBL01000004.1	71536	201301	129766	Mesorhizobium australicum
ICE	ICE(Tn4371)6068	AM743169	1324222	1367730	43509	Stenotrophomonas maltophilia
ICE	ICEMaB5P-2	FXBL01000004.1	393125	559275	166151	Mesorhizobium australicum
ICE	ICEMaB5P-3	FXBL01000004.1	1854798	1969478	114681	Mesorhizobium australicum
ICE	ICEMcSymWSM1497-&alpha;	CP021070.1	6100974	6544486	443513	Mesorhizobium sp.
ICE	ICEMcSymWSM1497-&beta;	CP021070.1	2746883	2766245	19363	Mesorhizobium sp.
ICE	ICEMcSymWSM1497-&gamma;	CP021070.1	2527428	2532841	5414	Mesorhizobium sp.
ICE	ICEMcWSM1497	CP021070.1	2766104	2929415	163312	Mesorhizobium sp.
ICE	ICEMeSymNZP2014	CP033361.1	5949545	6478456	528912	Mesorhizobium erdmanii
ICE	ICEMjSymMAFF303099	BA000012.4	4644774	5255783	611010	Mesorhizobium loti
ICE	ICEMjSymATCC33669-&alpha;	CP033507.1	6285350	6807656	522307	Mesorhizobium jarvisii
ICE	ICEMjSymATCC33669-&beta;	CP033507.1	2958998	2986592	27595	Mesorhizobium jarvisii
ICE	ICE(Tn4371)6070	EU595746	1853	44008	42156	Pseudomonas aeruginosa
ICE	ICEMjSymATCC33669-&gamma;	CP033507.1	2475528	2481763	6236	Mesorhizobium jarvisii
ICE	ICEMoWSM2075	CP002279.1	2859902	2981750	121849	Mesorhizobium opportunistum
ICE	ICEMsp.SymAA22-&alpha;	CP048406.1	5733916	6500750	766835	Mesorhizobium sp.
ICE	ICEMsp.SymAA22-&beta;	CP048406.1	2536055	2606189	70135	Mesorhizobium sp.
ICE	ICEMsp.SymAA22-&gamma;	CP048406.1	2398362	2415177	16816	Mesorhizobium sp.
ICE	ICEMsp.DCY119	CP031834.1	3979842	4125622	145781	Mesorhizobium sp.
ICE	ICEMsp.SymM1A-&alpha;	CP034455.1	1756939	2286188	529250	Mesorhizobium sp.
ICE	ICEMsp.SymM1A-&beta;	CP034455.1	4630693	4658379	27687	Mesorhizobium sp.
ICE	ICEMsp.SymM1A-&gamma;	CP034455.1	4922224	4938119	15896	Mesorhizobium sp.
ICE	ICEMsp.SymM1B	CP034448.1	1272644	1623878	351235	Mesorhizobium sp.
ICE	AICEFraal5456	CT573213	5891518	5904762	13245	Frankia alni
ICE	ICEMsp.M1D	CP034444.1	1694617	1893992	199376	Mesorhizobium sp.
ICE	ICEMsp.SymM1D-1	CP034444.1	1983612	2315722	332111	Mesorhizobium sp.
ICE	ICEMsp.SymM1D-2	CP034444.1	3765812	4185681	419870	Mesorhizobium sp.
ICE	ICEMsp.SymM1E-&alpha;	CP034447.1	38586	601656	563071	Mesorhizobium sp.
ICE	ICEMsp.SymM1E-&beta;	CP034447.1	3615836	3642472	26637	Mesorhizobium sp.
ICE	ICEMsp.SymM1E-&gamma;	CP034447.1	3797205	3810608	13404	Mesorhizobium sp.
ICE	ICEMsp.M2A.F.02	CP034447.1	4047395	4270129	222735	Mesorhizobium sp.
ICE	ICEMsp.SymM2A.F.02	CP034445.1	2458865	2845784	386920	Mesorhizobium sp.
ICE	ICEMsp.M2A.F.05	CP034446.1	1636046	1782743	146698	Mesorhizobium sp.
ICE	ICEMsp.SymM2A.F.05	CP034446.1	5453363	5860950	407588	Mesorhizobium sp.
ICE	AICEFranean5323	CP000820	6413625	6432943	19319	Frankia sp.
ICE	ICEMsp.M2A.F.046	CP034449.1	2080641	2236104	155464	Mesorhizobium sp.
ICE	ICEMsp.SymM2A.F.046-1	CP034449.1	1139238	1465489	326252	Mesorhizobium sp.
ICE	ICEMsp.SymM2A.F.046-2	CP034449.1	3409249	3819722	410474	Mesorhizobium sp.
ICE	ICEMsp.SymM3A	CP034451.1	3715425	4112178	396754	Mesorhizobium sp.
ICE	ICEMsp.SymM4B	CP034450.1	4459725	4989466	529742	Mesorhizobium sp.
ICE	ICEMsp.SymM6A	CP034452.1	3180370	3602318	421949	Mesorhizobium sp.
ICE	ICEMsp.M7D	CP034453.1	2004691	2340830	336140	Mesorhizobium sp.
ICE	ICEMsp.SymM7D	CP034453.1	108613	527538	418926	Mesorhizobium sp.
ICE	ICEMsp.M8A-1	CP034454.1	2837410	2939438	102029	Mesorhizobium sp.
ICE	ICEMsp.M8A-2	CP034454.1	4360644	4557652	197009	Mesorhizobium sp.
ICE	AICEFranean6303	CP000820	7658758	7678702	19945	Frankia sp.
ICE	ICEMsp.SymM8A	CP034454.1	152947	563716	410770	Mesorhizobium sp.
ICE	ICEMsp.SymM9A-&alpha;	CP034443.1	2366973	2928997	562025	Mesorhizobium sp.
ICE	ICEMsp.SymM9A-&beta;	CP034443.1	6253957	6293484	39528	Mesorhizobium sp.
ICE	ICEMsp.SymM9A-&gamma;	CP034443.1	8327	33931	25605	Mesorhizobium sp.
ICE	ICEMlNZP2042	CP033334.1	4210323	4276212	65890	Mesorhizobium loti
ICE	ICEMlSymNZP2042-&alpha;	CP033334.1	6274097	6749011	474915	Mesorhizobium loti
ICE	ICEMlSymNZP2042-&beta;	CP033334.1	2941900	2980431	38532	Mesorhizobium loti
ICE	ICEMlSymNZP2042-&gamma;	CP033334.1	2562601	2576018	13418	Mesorhizobium loti
ICE	ICEMsp.NZP2077	CP033362.1	5967066	6475394	508329	Mesorhizobium sp.
ICE	ICEMsp.SymNZP2234	CP033364.1	6206258	6628681	422424	Mesorhizobium sp.
ICE	AICEMflv3036	CP000656	3199938	3217693	17756	Mycobacterium gilvum
ICE	ICEMsp.SymNZP2298	CP033365.1	6602423	7069563	467141	Mesorhizobium sp.
ICE	ICEMsp.Pch-S	CP029562.1	3250173	3441115	190943	Mesorhizobium sp.
ICE	ICEMlSymR88b	CP033367.1	6552772	7054589	501818	Mesorhizobium loti
ICE	ICEMsp.SymSEMIA3007	MDLH01000001.1	1905270	2386134	480865	Mesorhizobium sp.
ICE	ICEMlSymTONO	AP017605.1	5261386	5770004	508619	Mesorhizobium loti
ICE	ICEMlTONO	AP017605.1	6138946	6380583	241638	Mesorhizobium loti
ICE	ICEMlSymSU343-&alpha;	CP033368.1	6285206	6807512	522307	Mesorhizobium loti
ICE	ICEMlSymSU343-&beta;	CP033368.1	2959040	2986634	27595	Mesorhizobium loti
ICE	ICEMlSymSU343-&gamma;	CP033368.1	2475546	2481781	6236	Mesorhizobium loti
ICE	ICEMsNIBRBAC000500504-1	CP044218.1	619302	846841	227540	Mesorhizobium terrae
ICE	AICESare1562	CP000850	1797449	1810446	12998	Salinispora arenicola
ICE	ICEMsNIBRBAC000500504-2	CP044218.1	1153019	1220670	67652	Mesorhizobium terrae
ICE	ICEMsNIBRBAC000500504-3	CP044218.1	1287515	1383292	95778	Mesorhizobium terrae
ICE	ICEMsNIBRBAC000500504-4	CP044218.1	4170876	4273072	102197	Mesorhizobium terrae
ICE	AICESare1922	CP000850	2218415	2232534	14120	Salinispora arenicola
ICE	AICESav3708	BA000030	4589836	4613219	23384	Streptomyces avermitilis
ICE	AICESav3728	BA000030	4614801	4636144	21344	Streptomyces avermitilis
ICE	AICESco3250	AL645882	3602684	3616798	14115	Streptomyces coelicolor
ICE	AICESco5349	AL645882	5796736	5818720	21985	Streptomyces coelicolor
ICE	AICEStrop0058	CP000667	67688	81948	14261	Salinispora tropica
ICE	ICEBat1942-1	CP002207	4164708	4168266	3559	Bacillus atrophaeus
ICE	ICEAxyA8-1	CP002287	1127770	1210913	83144	Achromobacter xylosoxidans
ICE	ICE-GI1	AM902716	1083989	1339502	255514	Bordetella petrii
ICE	ICEVchInd4	GQ463141	1	95326	95326	Vibrio cholerae
ICE	ICE-GI2	AM902716	1350129	1493558	143430	Bordetella petrii
ICE	ICE-GI3	AM902716	1493541	1595651	102111	Bordetella petrii
ICE	ICE-GI6	AM902716	4417743	4576839	159097	Bordetella petrii
ICE	ICEMmc-GM12	CP001668	670961	700540	29580	Mycoplasma mycoides
ICE	Tn5801	BA000017	436064	461681	25618	Staphylococcus aureus
ICE	ICEA(5632)-II	FP671138	343591	370761	27171	Mycoplasma agalactiae
ICE	ICEA(5632)-III	FP671138	560640	587874	27235	Mycoplasma agalactiae
ICE	ICEA(PG2)	CU179680	455934	477797	21864	Mycoplasma agalactiae
ICE	ICEVchInd5	GQ463142	1	97952	97952	Vibrio cholerae
ICE	ICESp23FST81	FM211187	1207785	1288800	81016	Streptococcus pneumoniae
ICE	Sp23F_PPI-1	FM211187	922465	951058	28594	Streptococcus pneumoniae
ICE	ICESsu(BM407)1	FM252032	504649	580365	75717	Streptococcus suis
ICE	ICESsu(BM407)2	FM252032	1005794	1086113	80320	Streptococcus suis
ICE	ICESsu(SC84)	FM252031	872762	961926	89165	Streptococcus suis
ICE	PFGI-1	CP000076	5378468	5493586	115119	Pseudomonas fluorescens
ICE	AICESare1208	CP000850	1357773	1375276	17504	Salinispora arenicola
ICE	AICESco3937	AL645882	4324441	4333647	9207	Streptomyces coelicolor
ICE	AICESco3997	AL645882	4382898	4392000	9103	Streptomyces coelicolor
ICE	ICEVchMex1	GQ463143	1	83194	83194	Vibrio cholerae
ICE	ICEMmc95010-1a	FQ377874	270699	300750	30052	Mycoplasma mycoides
ICE	ICEMmc95010-1b	FQ377874	381650	411119	29470	Mycoplasma mycoides
ICE	HHGI1	AE017125	223218	294244	71027	Helicobacter hepaticus
ICE	SXT(KN14)	AB535680	1	20747	20747	Vibrio cholerae
ICE	ICEEcoJ53	FJ968160	1	22687	22687	Escherichia coli
ICE	SPI-7	AL513382	4409574	4543073	133500	Salmonella enterica
ICE	ICELm1	AL591824	1131501	1149734	18234	Listeria monocytogenes
ICE	CTn341	AY515263	1	51993	51993	Bacteroides fragilis
ICE	Tn916(pAM120)	U49939	1344	19375	18032	Cloning vector
ICE	ICESga43143-1	AP012053	1643376	1661407	18032	Streptococcus gallolyticus
ICE	ICESauST398-1	AM990992	997771	1015802	18032	Staphylococcus aureus
ICE	Tn925	AY855841.2	40068	58099	18032	Enterococcus faecalis
ICE	Tn916(RST11)	FN550102	1	18032	18032	Staphylococcus rostri
ICE	ICESpaNUF1049	AB468159	3016	21046	18031	Streptococcus parauberis
ICE	ICESag2603VR-1	AE009948	923465	941495	18031	Streptococcus agalactiae
ICE	ICESpsHKU1003-1	CP002439	2195642	2213672	18031	Staphylococcus pseudintermedius
ICE	ICESsu05ZYH33-1	CP000407	888251	906281	18031	Streptococcus suis
ICE	ICECloUPII95-1	CP001850	538276	556307	18032	Clostridiales genomosp.
ICE	ICESsu98HAH33-1	CP000408	887958	905988	18031	Streptococcus suis
ICE	ICECdiM68-1	FN668375.1	334783	353473	18691	Clostridium difficile
ICE	ICESorUo5-1	FR720602	1824518	1847810	23293	Streptococcus oralis
ICE	ICESpnCGSP14-1	CP001033	159595	182718	23124	Streptococcus pneumoniae
ICE	Tn2008	CP001033	1259712	1327343	67632	Streptococcus pneumoniae
ICE	Tn6085b	HM243623.1	12581	33370	20790	Enterococcus faecium
ICE	Tn6085a	HM243621.1	6653	27441	20789	Enterococcus faecium
ICE	ICESpnTw19F14-1	CP000921	1785161	1808701	23541	Streptococcus pneumoniae
ICE	Tn6003	AM410044	1	25101	25101	Streptococcus pneumoniae
ICE	ICESgal1	FN597254	1738037	1787519	49483	Streptococcus gallolyticus
ICE	ICECdiM120-1	FN665653.1	2171649	2189550	17902	Clostridium difficile
ICE	ICESpnTCH8341-1	CP001993	2004999	2031388	26390	Streptococcus pneumoniae
ICE	Tn2010	AB426620	1	26390	26390	Streptococcus pneumoniae
ICE	Tn6087	HQ663849	1	21169	21169	Streptococcus oralis
ICE	ICEFal35896-1	CP002390	1247077	1265062	17986	Filifactor alocis
ICE	Tn6084	HM243622.1	34197	56508	22312	Enterococcus faecium
ICE	Tn6079	GU951538	462	28872	28411	Uncultured bacterium
ICE	ICESpnH19A6-1	CP000936	1302035	1322918	20884	Streptococcus pneumoniae
ICE	ICE(Tn4371)6069	CP000438	2678435	2721213	42779	Pseudomonas aeruginosa
ICE	ICE(Tn4371)6071	CP001339	1988584	2031125	42542	Thioalkalivibrio sulfidophilus
ICE	ICEAdeK601-1	CP002657	1657600	1709335	51736	Alicycliphilus denitrificans
ICE	ICERsoGMI1000-1	AL646052	2780064	2825985	45922	Ralstonia solanacearum
ICE	ICEAviDJ-1	CP001157	3632448	3681100	48653	Azotobacter vinelandii
ICE	CMGI-2	CP000352	1359263	1460900	101638	Cupriavidus metallidurans
ICE	CMGI-3	CP000352	1585489	1682531	97043	Cupriavidus metallidurans
ICE	ICE(Tn4371)6064	CP001408	896551	945569	49019	Burkholderia pseudomallei
ICE	ICE(Tn4371)6065	CP000530	12802	81711	68910	Polaromonas naphthalenivorans
ICE	ICEAdeBC-1	CP002449	233693	280043	46351	Alicycliphilus denitrificans
ICE	ICEBglBSR3-1	CP002599	2871875	2914547	42673	Burkholderia gladioli
ICE	ICEBmu17616-1	AP009385	955215	1030340	75126	Burkholderia multivorans
ICE	ICEBsa18170-1	CP002530	2939772	2990351	50580	Bacteroides salanitronis
ICE	ICEBxyXB1A-1	FP929033	4227232	4279471	52240	Bacteroides xylanisolvens
ICE	ICEHinB	FQ312006	87548	143543	55996	Haemophilus influenzae
ICE	ICEhinR2866	CP002277	555283	608328	53046	Haemophilus influenzae
ICE	ICEHin299	AM884334	1	53902	53902	Haemophilus influenzae
ICE	ICEHpa8f	AM884335	1	52725	52725	Haemophilus influenzae
ICE	ICEHpaT3T1	FQ312002	1153089	1213144	60056	Haemophilus parainfluenzae
ICE	ICESauTCH1516-1	CP000730	680918	694271	13354	Staphylococcus aureus
ICE	ICESauFPR3757-1	CP000255	1630722	1644075	13354	Staphylococcus aureus
ICE	ICESauED98-1	CP001781	1964665	1978018	13354	Staphylococcus aureus
ICE	ICESa1	AM990992	74898	88270	13373	Staphylococcus aureus
ICE	ICESa2	AM990992	1956986	1972289	15304	Staphylococcus aureus
ICE	ICESauST398-4	AM990992	2108600	2121960	13361	Staphylococcus aureus
ICE	ICESauMRSA252-1	BX571856	1351109	1364463	13355	Staphylococcus aureus
ICE	Tn6012	AB435014	928	14266	13339	Staphylococcus aureus
ICE	ICESauCOL-1	CP000046	1607901	1621239	13339	Staphylococcus aureus
ICE	ICEVchVie1	AB114188	1	23402	23402	Vibrio cholerae
ICE	ICESenTy2-1	AE014613	4394224	4525975	131752	Salmonella enterica
ICE	ICESpa15912-1	CP002843	1960240	1989074	28835	Streptococcus parasanguinis
ICE	Tn1311	FN667862	1	75303	75303	Streptococcus pneumoniae
ICE	ICESpnA213	FM201786	1	67819	67819	Streptococcus pneumoniae
ICE	Tn5253	EU351020	833	65360	64528	Streptococcus pneumoniae
ICE	ICEVflInd1	GQ463144	1	114195	114195	Vibrio fluvialis
ICE	ICESpnP1031-1	CP000920	1064292	1117331	53040	Streptococcus pneumoniae
ICE	ICESpn6706B-1	CP002176	1039483	1120356	80874	Streptococcus pneumoniae
ICE	HPI-ICEEh1	FN297818	42411	108644	66234	Enterobacter hormaechei
ICE	ICEPm1	AM942759	2793762	2886224	92463	Proteus mirabilis
ICE	ICEEfaV583-1	AE016830	2204066	2258320	54255	Enterococcus faecalis
ICE	ICESa2603	AE009948	1256680	1311028	54349	Streptococcus agalactiae
ICE	ICESdy12394-1	CP002215	886112	936679	50568	Streptococcus dysgalactiae
ICE	ICESthJIM8232-1	FR875178	527211	577719	50509	Streptococcus thermophilus
ICE	ICEPalBan1	GQ463139	1	96676	96676	Providencia alcalifaciens
ICE	ICESpa43144-1	AP012054	1138667	1197142	58476	Streptococcus pasteurianus
ICE	ICEDda3937-1	CP002038	3126510	3201101	74592	Dickeya dadantii
ICE	ICEPaePA14-1	CP000438	1300805	1327539	26735	Pseudomonas aeruginosa
ICE	CTnPg1-a	AP009380	57961	103060	45100	Porphyromonas gingivalis
ICE	CTnPg1-b	AP009380	1429021	1439368	10348	Porphyromonas gingivalis
ICE	CTnPg2	AP009380	627916	655108	27193	Porphyromonas gingivalis
ICE	CTnPg3	AP009380	1021623	1039207	17585	Porphyromonas gingivalis
ICE	ICEPdaSpa1	AJ870986	1	102985	102985	Photobacterium damselae
ICE	ICEBvu8482-1	CP000139	899681	976456	76776	Bacteroides vulgatus
ICE	ICEBvu8482-2	CP000139	1962094	2051867	89774	Bacteroides vulgatus
ICE	ICEB2	CP002188	210737	248144	37408	Mycoplasma bovis
ICE	ICEB-1	CP002188	549679	572949	23271	Mycoplasma bovis
ICE	Tn6098	CP001834	2295682	2347036	51355	Lactococcus lactis
ICE	TnSmu1	AE014133	192029	206864	14836	Streptococcus mutans
ICE	ICEHpyP12-1	CP001217	451991	494695	42705	Helicobacter pylori
ICE	ICEHpyP12-2	CP001217	1394776	1425410	30635	Helicobacter pylori
ICE	CTn1	AM180355	428851	453332	24482	Clostridium difficile
ICE	CTn2	AM180355	480597	520127	39531	Clostridium difficile
ICE	ICESpuPO1	CP000503	1224492	1335682	111191	Shewanella sp.
ICE	CTn4	AM180355	1284507	1314481	29975	Clostridium difficile
ICE	CTn5	AM180355	2137789	2181291	43503	Clostridium difficile
ICE	CTn6	AM180355	3890925	3910292	19368	Clostridium difficile
ICE	CTn7	AM180355	3938102	3963961	25860	Clostridium difficile
ICE	YAPI(ye)	AM286415	3761945	3828088	66144	Yersinia enterocolitica
ICE	YAPI	AJ627388	1402	99513	98112	Yersinia pseudotuberculosis
ICE	YAPI(IP32777)	CP000720	4157207	4221900	64694	Yersinia pseudotuberculosis
ICE	ICESp1108	FR691054	1694	47149	45456	Streptococcus pyogenes
ICE	ICEPmiUSA1	AM942759	2649499	2730130	80632	Proteus mirabilis
ICE	ICEFma29328-1	AP008971	1002528	1069524	66997	Finegoldia magna
ICE	ICEAurCol10a-1	CP002512	140074	194217	54144	Aerococcus urinae
ICE	Tn1806	CP002121	818751	870207	51457	Streptococcus pneumoniae
ICE	ICEF-IA(M64)	CP002458	405388	429165	23778	Mycoplasma fermentans
ICE	ICEF-IIIA1(M64)	CP002458	89996	110805	20810	Mycoplasma fermentans
ICE	ICEF-IIIA2(M64)	CP002458	226880	247031	20152	Mycoplasma fermentans
ICE	ICEF-IIA(M64)	CP002458	487971	510302	22332	Mycoplasma fermentans
ICE	ICEF-IIIB(M64)	CP002458	510667	530988	20322	Mycoplasma fermentans
ICE	ICEF-IIC(M64)	CP002458	833547	855878	22332	Mycoplasma fermentans
ICE	ICEF-IIB(M64)	CP002458	885907	908238	22332	Mycoplasma fermentans
ICE	ICEMboHb1-1	CP002513	433709	454755	21047	Mycoplasma bovis
ICE	ICEM	CP001621	661768	691894	30127	Mycoplasma mycoides
ICE	ICEMmysMmYCp235	CP002027	662147	692363	30217	Synthetic Mycoplasma
ICE	6180-RD.0	CP000056	799411	814679	15269	Streptococcus pyogenes
ICE	ICESauMu3-1	AP009324	436067	461685	25619	Staphylococcus aureus
ICE	ICESpsED99-1	CP002478	2485813	2511432	25620	Staphylococcus pseudintermedius
ICE	Tn5801(B6)	FN568063	1320241	1344513	24273	Streptococcus mitis
ICE	Tn6086	HM636636	1	24468	24468	Enterococcus faecium
ICE	ICESauJKD6008-2	CP002120	426893	454906	28014	Staphylococcus aureus
ICE	ICESauT0131-2	CP002643	423231	451243	28013	Staphylococcus aureus
ICE	ICESauTW20-2	FN433596	486800	518088	31289	Staphylococcus aureus
ICE	ICESpnJJA-1	CP000919	925236	953836	28601	Streptococcus pneumoniae
ICE	ICESpnD39-1	CP000410	926620	963005	36386	Streptococcus pneumoniae
ICE	ICESpnR6-1	AE007317	919089	955474	36386	Streptococcus pneumoniae
ICE	ICESpnTIGR4-1	AE005672	972255	1000373	28119	Streptococcus pneumoniae
ICE	ICESpnP1031-2	CP000920	948381	979441	31061	Streptococcus pneumoniae
ICE	PPHGI-1	AJ870974.1	1298	107263	105966	Pseudomonas syringae
ICE	ICEKpnHS11286-2	CP003200	4502837	4558879	56043	Klebsiella pneumoniae
ICE	phn_Island	NC_015563	1833691	2074538	240848	Delftia sp.
ICE	ICESp2905	FR691055	1659	67233	65575	Streptococcus pyogenes
ICE	R391	AY090559	1	88532	88532	Providencia rettgeri
ICE	ICEPmu1	CP003022	273284	355497	82214	Pasteurella multocida
ICE	ICEHso2336-1	CP000947	1927921	1994529	66609	Haemophilus somnus
ICE	pACPL	CP003170	6922386	6935839	13454	Actinoplanes sp.
ICE	ICEBHB0801-1	CP002058	450527	471727	21201	Mycoplasma bovis
ICE	ICESsu32457	FR823304	1	54879	54879	Streptococcus suis
ICE	ICEVspPor3	HE646881	1	27793	27793	Vibrio splendidus
ICE	ICEValSpa1	HE646882	1	26960	26960	Vibrio alginolyticus
ICE	Tn6202	FJ872411	3539	47209	43671	Enterococcus faecalis
ICE	SXT(MO10)	AY055428	1	99483	99483	Vibrio cholerae
ICE	ICEVscSpa1	HE577621	1	12854	12854	Vibrio scophthalmi
ICE	ICEVspSpa1	HE577630	1	25670	25670	Vibrio splendidus
ICE	ICEVspSpa2	HE577622	1	10207	10207	Vibrio splendidus
ICE	ICEEniSpa1	HE577626	1	15495	15495	Enterovibrio nigricans
ICE	Tn916	U09422	1	18032	18032	Enterococcus faecalis
ICE	ICEValPor1	HE577623	1	16343	16343	Vibrio alginolyticus
ICE	ICEShaPor1	HE577620	1	13023	13023	Shewanella haliotis
ICE	SPI-7RKS4594	CP000857	4496711	4578602	81892	Salmonella enterica
ICE	ICESe4	FR686852	27	96133	96107	Salmonella enterica
ICE	ICECroICC168-1	FN543502	3517032	3557474	40443	Citrobacter rodentium
ICE	ICEPluTTO1-1	BX470251	1210804	1351870	141067	Photorhabdus luminescens
ICE	HAI2	BX950851	590755	688630	97876	Erwinia carotovora
ICE	AICESbi5134	NC_016582	6326661	6344979	18319	Streptomyces bingchenggensis
ICE	AICESbi6637	NC_016582	7964749	7986287	21539	Streptomyces bingchenggensis
ICE	Tn4371	AJ536756	1	54657	54657	Ralstonia oxalatica
ICE	AICEScab53631	NC_013929	5954307	5970381	16075	Streptomyces scabiei
ICE	AICEScab56241	NC_013929	6256946	6273467	16522	Streptomyces scabiei
ICE	AICEScatt35120	NC_017586	3758038	3741429	16610	Streptomyces cattleya
ICE	AICESfla2573	NC_016114	3014607	3034890	20284	Streptomyces pratensis
ICE	AICESfla3678	NC_016114	4217309	4238048	20740	Streptomyces pratensis
ICE	AICEShjg4985	NC_017765	5725829	5739268	13440	Streptomyces hygroscopicus
ICE	AICEShjg5087	NC_017765	5816473	5828170	11698	Streptomyces hygroscopicus
ICE	AICESven1927	NC_018750	2126151	2143355	17205	Streptomyces venezuelae
ICE	AICESven2473	NC_018750	2690756	2705844	15089	Streptomyces venezuelae
ICE	AICESven3996	NC_018750	4333064	4344255	11192	Streptomyces venezuelae
ICE	Tn5251(partofTn5253)	FJ711160	1	18033	18033	Streptococcus pneumoniae
ICE	ICEBxeLB400-1	CP000270	3559420	3682252	122833	Burkholderia xenovorans
ICE	ICECmeCH34-1	CP000352	2508632	2618212	109581	Cupriavidus metallidurans
ICE	ICEXcaVe85-1	AM039952	2631723	2740954	109232	Xanthomonas campestris
ICE	ICEXcaCa8004-1	CP000050	2414505	2513449	98945	Xanthomonas campestris
ICE	ICEPaeLESB58-1	FM209186	2796710	2907811	111102	Pseudomonas aeruginosa
ICE	ICEHaeULPAs1-1	CU207211	1978021	2066138	88118	Herminiimonas arsenicoxydans
ICE	pCM32	KM260754	1	14611	14611	Saccharopolyspora endophytica
ICE	pSAM3	CP012949	5225368	5244106	18739	Streptomyces ambofaciens
ICE	ICETauDSM9187-1	CP001616	2621845	2718871	97027	Tolumonas auensis
ICE	ICEAciJS42-1	CP000539	1287924	1407821	119898	Acidovorax sp.
ICE	ICEclc(B13)	AJ617740	60	102843	102784	Pseudomonas putida
ICE	ICEclc(JS705)	AJ006307	1	12483	12483	Ralstonia sp.
ICE	ICEBfrYCH46-1	AP006841	114653	163822	49170	Bacteroides fragilis
ICE	ICEBs1	AL009126	529423	549932	20510	Bacillus subtilis
ICE	ICEHin1056	AJ627386	1	59393	59393	Haemophilus influenzae
ICE	ICEHin86-1	CP000057	92259	148366	56108	Haemophilus influenzae
ICE	TR2	NC_013929	3617692	3771788	154097	Streptomyces scabiei
ICE	CTn6002	AY898750	1	20880	20880	Streptococcus cristatus
ICE	CMGE(TZ080501)	KX077897	1321	127099	125779	Streptococcus suis
ICE	CMGE(YY060816)	KX077898	1320	127076	125757	Streptococcus suis
ICE	CTnBST	AY345595	1	100903	100903	Bacteroides uniformis
ICE	CTnGERM1	AJ557257	1	18842	18842	Bacteroides ovatus
ICE	ICE_18RS21_rplL	AAJO01000013.1	4097	25513	21417	Streptococcus agalactiae
ICE	ICE_2603_tRNALys	AE009948	1962397	2005294	42898	Streptococcus agalactiae
ICE	ICE_515_tRNALys	AAJP01000002.1	37179	66333	29155	Streptococcus agalactiae
ICE	CTnscr94	FN298496	11966	126312	114347	Salmonella enterica
ICE	ICE_COH1_guaA	AAJR01000021	14055	34289	20235	Streptococcus agalactiae
ICE	ICE_Sag2603_rplL	AE009948	1256680	1311198	54519	Streptococcus agalactiae
ICE	Tn6000(EfcTn1)	FN555436	1	33262	33262	Enterococcus casseliflavus
ICE	ICE_SagNEM316_rplL	AL732656	1361845	1423537	61693	Streptococcus agalactiae
ICE	ICE6013	FJ231270	1	19905	19905	Staphylococcus aureus
ICE	ICEA(5632)-I	FP671138	813253	840487	27235	Mycoplasma agalactiae
ICE	ICEEc1	AY233333	1	38927	38927	Escherichia coli
ICE	ICEEc2	GU725392	77	93971	93895	Escherichia coli
ICE	ICEF-I	AY168953	2674	26451	23778	Mycoplasma fermentans
ICE	ICE_SsaB35_rpsI	LT622825	1	28407	28407	Streptococcus salivarius
ICE	ICE_SsaB57_fda	LT622826	1	26451	26451	Streptococcus salivarius
ICE	ICE_SsaF1-4_fda	LT622827	1	29716	29716	Streptococcus salivarius
ICE	ICE_SsaF1-8_rpmG	LT622828	1	27272	27272	Streptococcus salivarius
ICE	ICE_SsaF4-2_fda	LT622829	1	30222	30222	Streptococcus salivarius
ICE	ICE_SsaF6-1_rpsI	LT622830	1	32421	32421	Streptococcus salivarius
ICE	ICE_SsaL22_fda	LT622831	1	37240	37240	Streptococcus salivarius
ICE	ICE_SsaL50_rpsI	LT622832	1	27447	27447	Streptococcus salivarius
ICE	ICE_SsaL60_rpsI	LT622833	1	31357	31357	Streptococcus salivarius
ICE	ICEEcIHE3034-1	AM229678	292	54752	54461	Escherichia coli
ICE	ICE_SsaL64_fda	LT622834	1	25797	25797	Streptococcus salivarius
ICE	ICE_SsaN20_rpsI	LT622836	1	37356	37356	Streptococcus salivarius
ICE	ICE_SsaN5_fda	LT622835	1	25974	25974	Streptococcus salivarius
ICE	ICE_SsaT93_fda	LT622837	1	28421	28421	Streptococcus salivarius
ICE	ICEMlSym(R7A)	CP033366.1	5899545	6401363	501819	Mesorhizobium japonicum
ICE	ICEA-IV(5632)	NC_013948	458522	465998	7477	Mycoplasma agalactiae
ICE	ICEBp7061	NZ_ABRX01000006	41307	82601	41295	Bacillus pumilus
ICE	ICEBpSAFR-032	NC_009848	588472	617766	29295	Bacillus pumilus
ICE	ICEC(27343)	NC_007633	661010	685386	24377	Mycoplasma capricolum
ICE	ICESde3396	EU142041	1	63668	63668	Streptococcus dysgalactiae
ICE	ICECp1	LN835295	52023	84499	32477	Clostridium perfringens
ICE	ICE-emm12	AFRY01000001	883657	818690	64968	Streptococcus pyogenes
ICE	ICEF-III(JER)	NC_014552	310795	333993	23199	Mycoplasma fermentans
ICE	ICEH-1(168)	NC_017509	882062	897703	15642	Mycoplasma hyopneumoniae
ICE	ICEH-2(168)	NC_017509	254323	277221	22899	Mycoplasma hyopneumoniae
ICE	ICESe2	FM204883	1206317	1269371	63055	Streptococcus equi
ICE	ICESt1	AJ278471	1290	36049	34760	Streptococcus thermophilus
ICE	ICESag37	CP019978	629058	702486	73429	Streptococcus agalactiae
ICE	ICESag37741	ALQQ01000033	3936	119478	115543	Streptococcus agalactiae
ICE	ICESagTR7	KP898896	1	13213	13213	Streptococcus agalactiae
ICE	ICESanJ4206	CP012719	1180821	1290038	109218	Streptococcus anginosus
ICE	ICESt3	AJ586568	204	28293	28090	Streptococcus thermophilus
ICE	ICESGB76	CP003857	1	12076	12076	Streptococcus intermedius
ICE	ICESpn8140	FR671412	1	26888	26888	Streptococcus pneumoniae
ICE	ICESluvan	HE963029	1	94189	94189	Enterococcus faecium
ICE	ICESp1116	HE802677	1	49160	49160	Streptococcus pyogenes
ICE	ICESp23FST81[ICESpPN1]	KC488257	1	81097	81097	Streptococcus pneumoniae
ICE	ICESpn22664	HG799489	1	61429	61429	Streptococcus pneumoniae
ICE	ICESpn529IQ	HG965092	1	59466	59466	Streptococcus pneumoniae
ICE	ICESpn6BST273	HG799495	1	76642	76642	Streptococcus pneumoniae
ICE	ICESpnDCC1524	HG799493	1	58942	58942	Streptococcus pneumoniae
ICE	ICESpnMalM6	FR671413	1	23032	23032	Streptococcus pneumoniae
ICE	ICESpnDCC1738	HG799492	1	67809	67809	Streptococcus pneumoniae
ICE	ICESpnDCC1902	HG799491	1	70658	70658	Streptococcus pneumoniae
ICE	ICESpnSPN8332	HG799498	1	14353	14353	Streptococcus pneumoniae
ICE	ICESpST344-1	CP007593	609295	692378	83084	Streptococcus pneumoniae
ICE	ICESpST344-2	CP007593	975688	987349	11662	Streptococcus pneumoniae
ICE	ICESpy009	KU056701	1	55259	55259	Streptococcus pyogenes
ICE	ICESsu05SC260	KX077888	875	89748	88874	Streptococcus suis
ICE	ICESpnH034800032	FR671414	1	20370	20370	Streptococcus pneumoniae
ICE	ICESsuJH1301	KX077886	875	82523	81649	Streptococcus suis
ICE	ICESsuJH1308-1	KX077886	613	79872	79260	Streptococcus suis
ICE	ICESsuJH1308-2	KX077884	352	76028	75677	Streptococcus suis
ICE	ICESsuLP081102	KX077885	875	65389	64515	Streptococcus suis
ICE	ICESsuNC28	KU215704	1	29661	29661	Streptococcus suis
ICE	ICESpn23771	FR671415	1	25880	25880	Streptococcus pneumoniae
ICE	ICESsuZJ20091101-1	KX077882	347	69723	69377	Streptococcus suis
ICE	ICESsuZJ20091101-2	KX077883	875	113637	112763	Streptococcus suis
ICE	ICESz1	FM204884	1399879	1447451	47573	Streptococcus equi
ICE	ICESpn11930	FR671403	1	73716	73716	Streptococcus pneumoniae
ICE	Tn1549-like	KU558763	1	42375	42375	Clostridioides difficile
ICE	ICESpn11930-2	FR671416	1	25645	25645	Streptococcus pneumoniae
ICE	Tn6194-like	HG475346	1	28014	28014	[Clostridium] difficile
ICE	Tn6198	JX120102	1	21322	21322	Listeria monocytogenes
ICE	Tn6224	CP007650	194	17209	17016	Lactobacillus salivarius
ICE	ICESpn11928	FR671417	1	22793	22793	Streptococcus pneumoniae
ICE	ICESpn9409	FR671418	1	22765	22765	Streptococcus pneumoniae
ICE	TnGBS2.3	KC492040	1347	33853	32507	Streptococcus agalactiae
ICE	TnGBS2.4	KC492041	358	29015	28658	Streptococcus agalactiae
ICE	TnGBS2.5	KC460338	7439	45647	38209	Streptococcus agalactiae
ICE	TnGBS2.6	KC492042	1	42686	42686	Streptococcus agalactiae
ICE	TnSang2.1	NZ_AFIM01000003	1	33673	33673	Streptococcus anginosus
ICE	ICESpn11876	FR671404	1	71516	71516	Streptococcus pneumoniae
ICE	TnSgallo2.3	NC_015215	1420056	1450635	30580	Streptococcus gallolyticus
ICE	Tn1549	AF192329	1	33805	33805	Enterococcus faecalis
ICE	CTnHyb	KJ816753	1	131471	131471	Bacteroides fragilis
ICE	CTnPi1	AP014597	302941	355072	52132	Prevotella intermedia
ICE	CTnPi2	AP014598	293340	353051	59712	Prevotella intermedia
ICE	CTnPi3	AP014597	454604	537291	82688	Prevotella intermedia
ICE	CTnPi4	NC_017861	786441	845085	58645	Prevotella intermedia
ICE	ICEAc	AP009384.1	4346061	4435854	89794	Azorhizobium caulinodans
ICE	ICE6440	MF168944	1	83339	83339	Pseudomonas aeruginosa
ICE	ICE6441	MF168946	1	88502	88502	Pseudomonas aeruginosa
ICE	ICEAca(SM).1	NC_015850	115486	212210	96725	Acidithiobacillus caldus
ICE	ICEAca(SM).2	NC_015850	1111830	1307980	196151	Acidithiobacillus caldus
ICE	ICEAca(SM).3	NC_015850	2159400	2183632	24233	Acidithiobacillus caldus
ICE	ICEAca(TY).2	CP005986	1803307	1980282	176976	Acidithiobacillus caldus
ICE	ICEAca(TY).1	CP005986	166955	235810	68856	Acidithiobacillus caldus
ICE	ICEAmaAnS1	NZ_CP014323	1261260	1375632	114373	Alteromonas macleodii
ICE	ICEAmeAS1	NC_019393	1271627	1383296	111670	Alteromonas mediterranea
ICE	ICEAmeAS2	NC_021714	1268049	1378509	110461	Alteromonas mediterranea
ICE	ICEAmeAeS1	NC_023045	1200475	1289582	89108	Alteromonas mediterranea
ICE	ICEApl1	KU551309	27	56176	56150	Actinobacillus pleuropneumoniae
ICE	ICEApl2	MF187965	1	92660	92660	Actinobacillus pleuropneumoniae
ICE	ICEAspMex1	CP018023	1253680	1337537	83858	Alteromonas sp.
ICE	ICEEa1	CP014805	292287	354501	62215	Elizabethkingia anophelis
ICE	ICEEcUMNK88	CP002729	4888719	4951420	62702	Escherichia coli
ICE	ICEHptfs3	NC_017742	1015120	1064481	49362	Helicobacter pylori
ICE	ICEhptfs4a	NC_011498	452023	492769	40747	Helicobacter pylori
ICE	ICEhptfs4b	NC_011333	1045702	1085072	39371	Helicobacter pylori
ICE	ICEhptfs4c	NC_017361	1527381	1568674	41294	Helicobacter pylori
ICE	ICEKd33394	AEWV01000015	21034	68111	47078	Kingella denitrificans
ICE	ICEKkKWG1	LN869922	850916	923591	72676	Kingella kingae
ICE	ICEMh1	CP005383	2128248	2190602	62355	Mannheimia haemolytica
IME	ermF_region	AJ311171	2672	15432	12761	Bacteroides thetaiotaomicron
IME	NBU1	AF238307	1	10276	10276	Bacteroides uniformis
IME	ATE-1	AY049983	2137	12676	10540	Arcanobacterium pyogenes
IME	cLV25	AY053505	1	15343	15343	Bacteroides fragilis
IME	IMESp2907	FR691055	6733	19348	12616	Streptococcus pyogenes
IME	MGIVchHai6	AXDR01000001	43098	91582	48485	Vibrio cholerae
IME	MGIVchMoz6	KC117175	1	18824	18824	Vibrio cholerae
IME	MGIVflInd1	KC117176	1	23229	23229	Vibrio fluvialis
IME	MGIVmi1	NZ_ACYV01000005	33427	50645	17219	Vibrio mimicus
IME	MGIVvuTai1	BA000037	270097	289135	19039	Vibrio vulnificus
IME	MTnSag1[tISSag10]	AY928180	1	1724	1724	Streptococcus agalactiae
IME	NBU2	AF251288	1	11123	11123	Bacteroides fragilis
IME	PGI1-PmESC	KU499917	451	42886	42436	Proteus mirabilis
IME	PGI2	MG201402	1400	62977	61578	Proteus mirabilis
IME	SGI1	AF261825	146	42596	42451	Salmonella enterica
IME	SGI1-F	KU847976	915	43564	42650	Salmonella enterica
IME	SGI1-I	KJ186152	145	42621	42477	Proteus mirabilis
IME	SGI1-I	KU563154	900	43337	42438	Salmonella enterica
IME	SGI1-K	AY463797	1146	49899	48754	Salmonella enterica
IME	SGI1-V	HQ888851	451	43372	42922	Proteus mirabilis
IME	SGI2[SGI1-J]	AY963803	1	47132	47132	Salmonella enterica
IME	tISCpe8	FJ589781	1	1964	1964	Clostridium perfringens
IME	Tn4399	L20975	1	2854	2854	Bacteroides fragilis
IME	Tn4451	U15027	277	6614	6338	Clostridium perfringens
IME	Tn4453	AF226276	905	7251	6347	Clostridium difficile
IME	Tn4555	U75371	1	12105	12105	Bacteroides fragilis
IME	Tn5520	AF038866	1	4692	4692	Bacteroides fragilis
IME	Tn6215	KC166248	1	13008	13008	[Clostridium] difficile
IME	IME_SsalL25_oriT	LR793266.1	2062003	2067305	5303	Streptococcus salivarius
IME	BcenGI2	AM747720	188011	204429	16419	Burkholderia cenocepacia
IME	GIE492	APGM01000001	1705122	1727413	22292	Klebsiella pneumoniae
IME	GISul2	KX709966	29940	45399	15460	Pseudomonas aeruginosa
IME	GIVchHai3	AFOP01000111	32344	33594	1251	Vibrio cholerae
IME	ICE6180-RD.1	CP000056	1081126	1091670	10545	Streptococcus pyogenes
IME	IME_Ssal57I_rpmG	CP002888.1	43482	53086	9605	Streptococcus salivarius
IME	IME_Ssal57I_tRNAlys	CP002888.1	70384	75506	5123	Streptococcus salivarius
IME	IME_SsalCCHSS3_rpmG	FR873481.1	2161044	2172562	11519	Streptococcus salivarius
IME	IME_SsalCCHSS3_tRNAlys	FR873481.1	2137524	2143765	6242	Streptococcus salivarius
IME	IME_SsalJIM8777_rpmG	FR873482.1	2147035	2155757	8723	Streptococcus salivarius
IME	IME_SsalJIM8777_tRNAlys	FR873482.1	2123283	2129740	6458	Streptococcus salivarius
IME	IME_Sag2603_rpmG	AE009948	2091333	2091854	522	Streptococcus agalactiae
IME	IME_Sag2603_rpsI	AE009948	231796	232950	1155	Streptococcus agalactiae
IME	IME_SagA909_tRNAlys	CP000114	1939326	1940435	1110	Streptococcus agalactiae
IME	IME_Nem_rpsI	NC_004368	232896	234050	1155	Streptococcus agalactiae
IME	IMEAcaSM.1	NC_015850	1008592	1088974	80383	Acidithiobacillus caldus
IME	IncP_island	AE014292	343695	361343	17649	Brucella suis
IME	MGIAmaMed1	CP001103	2444009	2445256	1248	Alteromonas mediterranea
IME	MGIAspKor1	CP002339	4911600	4912856	1257	Alteromonas naphthalenivorans
IME	MGIMamKor1	NZ_AFIG01000003	559325	560581	1257	Methylophaga aminisulfidivorans
IME	MGIPspArc1	NZ_BADU01000066	16285	17535	1251	Pseudoalteromonas sp.
IME	MGIVchHai1	AFOQ01000004	80384	81520	1137	Vibrio cholerae
IME	MGIVchHai2	AFOR01000003	67302	68378	1077	Vibrio cholerae
IME	MGIVchHai4	ALED01000020	72125	73375	1251	Vibrio cholerae
IME	MTnPi1	AP014597	241445	259770	18326	Prevotella intermedia
IME	MTnPi1	AP014597	2080753	2099078	18326	Prevotella intermedia
IME	MTnPi10	NC_017860	436516	444106	7591	Prevotella intermedia
IME	MTnPi2	AP014597	1389032	1405588	16557	Prevotella intermedia
IME	MTnPi2	AP014598	386331	402887	16557	Prevotella intermedia
IME	MTnPi3	AP014597	990637	1009104	18468	Prevotella intermedia
IME	MTnPi3	AP014597	1670768	1689199	18432	Prevotella intermedia
IME	MTnPi3	AP014597	1711687	1730118	18432	Prevotella intermedia
IME	MTnPi4	AP014597	1333265	1345665	12401	Prevotella intermedia
IME	MTnPi5	AP014598	599589	607075	7487	Prevotella intermedia
IME	MTnPi6	AP014597	1076840	1083014	6175	Prevotella intermedia
IME	MTnPi6	AP014598	366432	372368	5937	Prevotella intermedia
IME	MTnPi7	NC_017861	922037	935016	12980	Prevotella intermedia
IME	MTnPi8	NC_017861	1036448	1048182	11735	Prevotella intermedia
IME	MTnPi9	NC_017861	1236398	1254049	17652	Prevotella intermedia
IME	PGI1-PmCHA	KJ411925	1	88202	88202	Proteus mirabilis
IME	PGI1-PmCHE	KJ439039	1	86128	86128	Proteus mirabilis
IME	PGI1-PmPEL	KF856624	469	65262	64794	Proteus mirabilis
IME	SGI1-Pm2CHAMA	MF372716	1348	54899	53552	Proteus mirabilis
IME	SGI1-PmABB	JX121638	451	32471	32021	Proteus mirabilis
IME	SGI1-PmBRI	JX089582	451	33422	32972	Proteus mirabilis
IME	SGI1-PmCAU	JX089581	451	33655	33205	Proteus mirabilis
IME	SGI1-PmGUE	JX121641	451	66560	66110	Proteus mirabilis
IME	SGI1-PmMAT	JX089583	451	31210	30760	Proteus mirabilis
IME	SGI1-PmSCO	JX121639	451	41931	41481	Proteus mirabilis
IME	SGI1-PmVER	JX121640	451	53773	53323	Proteus mirabilis
IME	SGI1-A	AY049746	1	4260	4260	Salmonella enterica
IME	SGI1-B	KU987430	146	33323	33178	Proteus mirabilis
IME	SGI1-B0616	KU987432	146	33323	33178	Proteus mirabilis
IME	SGI1-B2	KP116299	139	46067	45929	Proteus mirabilis
IME	SGI1-D	KU854986	900	37920	37021	Salmonella enterica
IME	SGI1-H	AY458224	1	3813	3813	Salmonella enterica
IME	SGI1-J3	EU924797	1	6421	6421	Salmonella enterica
IME	SGI1-J5	HM236854	1	2377	2377	Salmonella enterica
IME	SGI1-J6	JQ796373	1	3302	3302	Salmonella enterica
IME	SGI1-K1	EU664602	1	17122	17122	Salmonella enterica
IME	SGI1-K2	EU664603	1	4180	4180	Salmonella enterica
IME	SGI1-K3	EU664604	1	2698	2698	Salmonella enterica
IME	SGI1-K4	EU664605	1	2650	2650	Salmonella enterica
IME	SGI1-K5	EU664606	1	782	782	Salmonella enterica
IME	SGI1-K7	MF372717	1348	56490	55143	Proteus mirabilis
IME	SGI1-L	LT630458	1	50339	50339	Morganella morganii
IME	SGI1-O	KJ186150	139	33361	33223	Proteus mirabilis
IME	SGI1-P1	EU664607	1	910	910	Salmonella enterica
IME	SGI1-P2	EU664608	1	926	926	Salmonella enterica
IME	SGI1-Q1	EU664609	1	1992	1992	Salmonella enterica
IME	SGI1-Q2	EU664610	1	817	817	Salmonella enterica
IME	SGI1-Q3	EU664611	1	1489	1489	Salmonella enterica
IME	SGI1-R	FJ477835	1	4857	4857	Salmonella enterica
IME	SGI1-U	HM747960	1	675	675	Proteus mirabilis
IME	SGI1-U	HM747961	1	721	721	Proteus mirabilis
IME	SGI1-W	KJ186151	133	34041	33909	Proteus mirabilis
IME	SGI1-X	KJ186154	139	38561	38423	Proteus mirabilis
IME	SGI1-Y	KJ186149	146	33705	33560	Proteus mirabilis
IME	SGI1-Z	KP662516	448	34591	34144	Proteus mirabilis
IME	Tn6104	FN545816	2043677	2059102	15426	Clostridium difficile
IME	Tn6105	FN545816	2059876	2075183	15308	Clostridium difficile
IME	Tn6106	FN545816	2076881	2087639	10759	Clostridium difficile
IME	IME_CdiR20291_maff2	NC_013316.1	2076466	2087750	11285	Clostridioides difficile
IME	IME_CdiR20291_ND	NC_013316.1	3516280	3521830	5551	Clostridioides difficile
IME	IME_CdiR20291_TraG_1	NC_013316.1	2043584	2059201	15618	Clostridioides difficile
IME	IME_CdiR20291_TraG_2	NC_013316.1	2059766	2075630	15865	Clostridioides difficile
IME	IME_EfalV583_rpsI	NC_004668.1	3090770	3100174	9405	Enterococcus faecalis
IME	IME_EfmISMMSVRE1_abc	CP012430.1	1719350	1734666	15317	Enterococcus faecium
IME	IME_EfmISMMSVRE1_rpsI	CP012430.1	2604774	2620108	15335	Enterococcus faecium
IME	IME_FprA2-165_groL	CP048437.1	1376606	1391436	14831	Faecalibacterium duncaniae
IME	IME_FprA2-165_maff2_1	CP048437.1	380481	391796	11316	Faecalibacterium duncaniae
IME	IME_FprA2-165_maff2_2	CP048437.1	1348178	1360778	12601	Faecalibacterium duncaniae
IME	IME_FprA2-165_maff2_3	CP048437.1	1360786	1369933	9148	Faecalibacterium duncaniae
IME	IME_FprA2-165_maff2_4	CP048437.1	1765121	1774663	9543	Faecalibacterium duncaniae
IME	IME_FprA2-165_maff2_5	CP048437.1	2133004	2143752	10749	Faecalibacterium duncaniae
IME	IME_FprA2-165_NS_1	CP048437.1	539404	547031	7628	Faecalibacterium duncaniae
IME	IME_FprA2-165_NS_2	CP048437.1	1174950	1200689	25740	Faecalibacterium duncaniae
IME	IME_FprA2-165_NS_3	CP048437.1	1189442	1197160	7719	Faecalibacterium duncaniae
IME	IME_FprA2-165_NS_4	CP048437.1	1795203	1808878	13676	Faecalibacterium duncaniae
IME	IME_FprA2-165_NS_5	CP048437.1	2952083	3018746	66664	Faecalibacterium duncaniae
IME	IME_FprA2-165_topB_1	CP048437.1	166733	175384	8652	Faecalibacterium duncaniae
IME	IME_FprA2-165_topB_2	CP048437.1	2151829	2161606	9778	Faecalibacterium duncaniae
IME	IME_FprA2-165_traG_1	CP048437.1	1714225	1757581	43357	Faecalibacterium duncaniae
IME	IME_FprA2-165_traG_2	CP048437.1	2120685	2128501	7817	Faecalibacterium duncaniae
IME	IME_FprA2-165_tRNAarg	CP048437.1	44720	61533	16814	Faecalibacterium duncaniae
IME	IME_FprA2-165_tRNAlys_1	CP048437.1	666518	684862	18345	Faecalibacterium duncaniae
IME	IME_FprA2-165_tRNAlys_2	CP048437.1	699930	723123	23194	Faecalibacterium duncaniae
IME	IME_FprA2-165_tRNApro	CP048437.1	2097189	2116295	19107	Faecalibacterium duncaniae
IME	IME_FprA2-165_tRNAtyr	CP048437.1	533495	551164	17670	Faecalibacterium duncaniae
IME	IME_FprA2-165_tRNAval	CP048437.1	2824532	2841982	17451	Faecalibacterium duncaniae
IME	IME_Lca919_rpsD	NC_021721.1	1371581	1381043	9463	Lacticaseibacillus paracasei,
IME	IME_LphP3177T_guaA	LT635479.1	2598248	2603728	5481	Eubacterium sp.
IME	IME_LphP3177T_maff2_1	LT635479.1	37408	54058	16651	Eubacterium sp.
IME	IME_LphP3177T_maff2_2	LT635479.1	2423187	2434364	11178	Eubacterium sp.
IME	IME_LphP3177T_ND	LT635479.1	2815291	2823206	7916	Eubacterium sp.
IME	IME_LphP3177T_NS	LT635479.1	39854	47316	7463	Eubacterium sp.
IME	IME_LphP3177T_rpsI	LT635479.1	2375897	2385781	9885	Eubacterium sp.
IME	IME_LphP3177T_rumA	LT635479.1	3231695	3255449	23755	Eubacterium sp.
IME	IME_LphP3177T_traG_1	LT635479.1	20224	28033	7810	Eubacterium sp.
IME	IME_LphP3177T_traG_2	LT635479.1	28688	35968	7281	Eubacterium sp.
IME	IME_LphP3177T_tRNAcys	LT635479.1	3187387	3192442	5056	Eubacterium sp.
IME	IME_LphP3177T_unk	LT635479.1	570350	581538	11189	Eubacterium sp.
IME	IME_LspYL32_guaA_1	CP015399.2	2168436	2193623	25188	Lachnoclostridium sp.
IME	IME_LspYL32_guaA_2	CP015399.2	2150614	2168435	17822	Lachnoclostridium sp.
IME	IME_LspYL32_maff2_1	CP015399.2	1776701	1786458	9758	Lachnoclostridium sp.
IME	IME_LspYL32_maff2_2	CP015399.2	3003604	3014650	11047	Lachnoclostridium sp.
IME	IME_LspYL32_maff2_3	CP015399.2	6129713	6142121	12409	Lachnoclostridium sp.
IME	IME_LspYL32_maff2_4	CP015399.2	6342779	6353826	11048	Lachnoclostridium sp.
IME	IME_LspYL32_ND_1	CP015399.2	1701747	1712238	10492	Lachnoclostridium sp.
IME	IME_LspYL32_ND_2	CP015399.2	2323404	2339544	16141	Lachnoclostridium sp.
IME	IME_LspYL32_ND_3	CP015399.2	3777775	3787777	10003	Lachnoclostridium sp.
IME	IME_LspYL32_ND_4	CP015399.2	4584008	4619597	35590	Lachnoclostridium sp.
IME	IME_LspYL32_NS_1	CP015399.2	3171611	3179237	7627	Lachnoclostridium sp.
IME	IME_LspYL32_NS_2	CP015399.2	4297788	4304098	6311	Lachnoclostridium sp.
IME	IME_LspYL32_NS_3	CP015399.2	5101322	5117497	16176	Lachnoclostridium sp.
IME	IME_LspYL32_traG	CP015399.2	6116965	6125110	8146	Lachnoclostridium sp.
IME	IME_LspYL32_tsf	CP015399.2	617965	624166	6202	Lachnoclostridium sp.
IME	IME_RhoA2-183_hipB	NC_015977.1	1425927	1439774	13848	Roseburia hominis
IME	IME_RhoA2-183_intser	NC_015977.1	337944	359106	21163	Roseburia hominis
IME	IME_RhoA2-183_maff2_1	NC_015977.1	369589	380284	10696	Roseburia hominis
IME	IME_RhoA2-183_maff2_2	NC_015977.1	380291	407305	27015	Roseburia hominis
IME	IME_RhoA2-183_maff2_3	NC_015977.1	2253758	2261242	7485	Roseburia hominis
IME	IME_RhoA2-183_maff2_4	NC_015977.1	3303616	3314045	10430	Roseburia hominis
IME	IME_RhoA2-183_ND	NC_015977.1	3464770	3473090	8321	Roseburia hominis
IME	IME_RhoA2-183_NS_1	NC_015977.1	386607	400707	14101	Roseburia hominis
IME	IME_RhoA2-183_NS_2	NC_015977.1	2395810	2403435	7626	Roseburia hominis
IME	IME_RhoA2-183_NS_3	NC_015977.1	2734666	2740731	6066	Roseburia hominis
IME	IME_RhoA2-183_NS_4	NC_015977.1	2923367	2934973	11607	Roseburia hominis
IME	IME_RhoA2-183_rumA_1	NC_015977.1	2337649	2357406	19758	Roseburia hominis
IME	IME_RhoA2-183_rumA_2	NC_015977.1	2893327	2913857	20531	Roseburia hominis
IME	IME_RhoA2-183_ssrA	NC_015977.1	2452114	2459034	6921	Roseburia hominis
IME	IME_RhoA2-183_traG_1	NC_015977.1	337761	368438	30678	Roseburia hominis
IME	IME_RhoA2-183_traG_2	NC_015977.1	2262338	2278039	15702	Roseburia hominis
IME	IME_RhoA2-183_traG_3	NC_015977.1	3315117	3330782	15666	Roseburia hominis
IME	IME_Ssal39-07_oriT	IME_Ssal39-07_oriT	1	6134	6134	?
IME	IME_Seq35246_guaA	NC_017582.1	1101720	1123890	22171	Streptococcus equi
IME	IME_Seq35246_traG_2	NC_017582.1	778728	784036	5309	Streptococcus equi
IME	IME_Sga2069_rpmE	NC_015215.1	737512	746070	8559	Streptococcus gallolyticus
IME	IME_Sga2069_rpsI	NC_015215.1	268457	281310	12854	Streptococcus gallolyticus
IME	IME_SsaFDA259_rpmG	CP020451.2	996265	1004316	8052	Streptococcus salivarius
IME	IME_SsaFDA259_tRNALeu	CP020451.2	881110	886527	5418	Streptococcus salivarius
IME	IME_SsaFDA259_tRNAlys	CP020451.2	1021405	1026525	5121	Streptococcus salivarius
IME	IME_Ssal1001175st1_H3_oriT	KU854986.1	900	37920	37021	Salmonella enterica
IME	IME_Ssal1001175st1_H3_tRNALys	KJ439039.1	1	86128	86128	Proteus mirabilis
IME	IME_Ssal1003-SOLI_rpsI	KP116299.1	139	46067	45929	Proteus mirabilis
IME	IME_Ssal1003-SOLI_tRNALys	KU987432.1	146	33323	33178	Proteus mirabilis
IME	IME_Ssal20-12_rpmG	EU664602.1	1	17122	17122	Salmonella enterica
IME	IME_Ssal20-12_tRNALeu	JX089582.1	451	33422	32972	Proteus mirabilis
IME	IME_Ssal22-02_NS	JX089581.1	451	33655	33205	Proteus mirabilis
IME	IME_Ssal22-02_tRNALys	JX121641.1	451	66560	66110	Proteus mirabilis
IME	IME_Ssal22-08_NS	JX089583.1	451	31210	30760	Proteus mirabilis
IME	IME_Ssal22-08_tRNALys	JX121639.1	451	41931	41481	Proteus mirabilis
IME	IME_Ssal25975_rpmG_1	CP015283.1	482674	492192	9519	Streptococcus salivarius
IME	IME_Ssal25975_rpmG_2	CP015283.1	492178	500422	8245	Streptococcus salivarius
IME	IME_Ssal25975_tRNAlys	CP015283.1	459085	464204	5120	Streptococcus salivarius
IME	IME_Ssal27945_tRNALys	CP015282.1	1588464	1594981	6518	Streptococcus salivarius
IME	IME_Ssal34_24_rpmG	IME_Ssal34_24_rpmG	1	9519	9519	?
IME	IME_Ssal34-09_oriT	IME_Ssal34-09_oriT	1	4350	4350	?
IME	IME_Ssal34-09_rpmG	IME_Ssal34-09_rpmG	1	9519	9519	?
IME	IME_Ssal34-09_tRNALys	IME_Ssal34-09_tRNALys	1	5124	5124	?
IME	IME_Ssal34-19_oriT	IME_Ssal34-19_oriT	1	4350	4350	?
IME	IME_Ssal34-19_rpmG	IME_Ssal34-19_rpmG	1	9519	9519	?
IME	IME_Ssal34-19_tRNALys	IME_Ssal34-19_tRNALys	1	5124	5124	?
IME	IME_Ssal34-24_oriT	IME_Ssal34-24_oriT	1	4350	4350	?
IME	IME_Ssal34-24_tRNALys	IME_Ssal34-24_tRNALys	1	5124	5124	?
IME	IME_Ssal37-08_ebfC	IME_Ssal37-08_ebfC	1	9160	9160	?
IME	IME_Ssal37-08_rpmG	IME_Ssal37-08_rpmG	1	9459	9459	?
IME	IME_Ssal37-08_tRNALeu	IME_Ssal37-08_tRNALeu	1	7438	7438	?
IME	IME_Ssal37-08_tRNALys	IME_Ssal37-08_tRNALys	1	5124	5124	?
IME	IME_Ssal37-09_rpmG	IME_Ssal37-09_rpmG	1	9606	9606	?
IME	IME_Ssal37-09_tRNALys	IME_Ssal37-09_tRNALys	1	5121	5121	?
IME	IME_Ssal39-01_tRNALys	IME_Ssal39-01_tRNALys	1	5120	5120	?
IME	IME_Ssal39-07_rpmG	IME_Ssal39-07_rpmG	1	8199	8199	?
IME	IME_Ssal39-07_tatD	IME_Ssal39-07_tatD	1	8641	8641	?
IME	IME_Ssal39-07_tRNALys	IME_Ssal39-07_tRNALys	1	6911	6911	?
IME	IME_Ssal7073_NS	IME_Ssal7073_NS	1	18031	18031	?
IME	IME_Ssal7073_tRNALeu	IME_Ssal7073_tRNALeu	1	7118	7118	?
IME	IME_Ssal7073_tRNALys	IME_Ssal7073_tRNALys	1	6504	6504	?
IME	IME_Ssal726-SSAL_rpmG	IME_Ssal726-SSAL_rpmG	1	10859	10859	?
IME	IME_Ssal84-12_tRNALys	IME_Ssal84-12_tRNALys	1	4993	4993	?
IME	IME_Ssal85-02_rpmG	IME_Ssal85-02_rpmG	1	8292	8292	?
IME	IME_Ssal85-02_tRNALys	IME_Ssal85-02_tRNALys	1	5122	5122	?
IME	IME_Ssal85-04_rpmG	IME_Ssal85-04_rpmG	1	8292	8292	?
IME	IME_Ssal85-04_tRNALys	IME_Ssal85-04_tRNALys	1	5122	5122	?
IME	IME_Ssal85-05_rpmG	IME_Ssal85-05_rpmG	1	8292	8292	?
IME	IME_Ssal85-05_tRNALys	IME_Ssal85-05_tRNALys	1	5122	5122	?
IME	IME_Ssal85-06_rpmG	IME_Ssal85-06_rpmG	1	8292	8292	?
IME	IME_Ssal85-06_tRNALys	IME_Ssal85-06_tRNALys	1	5122	5122	?
IME	IME_Ssal8618_NS	CP009913.1	102958	120947	17990	Streptococcus salivarius
IME	IME_Ssal8618_tRNALeu	CP009913.1	69286	76402	7117	Streptococcus salivarius
IME	IME_Ssal8618_tRNALys	CP009913.1	2112210	2118713	6504	Streptococcus salivarius
IME	IME_SsalAF10-23_rpmG_1	IME_SsalAF10-23_rpmG_1	1	9463	9463	?
IME	IME_SsalAF10-23_rpmG_2	IME_SsalAF10-23_rpmG_2	1	9519	9519	?
IME	IME_SsalAF10-23_rpsI	IME_SsalAF10-23_rpsI	1	10217	10217	?
IME	IME_SsalAF10-23_tRNALeu	IME_SsalAF10-23_tRNALeu	1	7253	7253	?
IME	IME_SsalAF10-23_tRNALys	IME_SsalAF10-23_tRNALys	1	5121	5121	?
IME	IME_SsalAF13-49B_NS	IME_SsalAF13-49B_NS	1	9916	9916	?
IME	IME_SsalAF13-49B_tRNALys	IME_SsalAF13-49B_tRNALys	1	9066	9066	?
IME	IME_SsalAF23-9AC_NS	IME_SsalAF23-9AC_NS	1	9953	9953	?
IME	IME_SsalAF23-9AC_rplL	IME_SsalAF23-9AC_rplL	1	10189	10189	?
IME	IME_SsalAF23-9AC_rpmG	IME_SsalAF23-9AC_rpmG	1	9606	9606	?
IME	IME_SsalAF23-9AC_rpsI_1	IME_SsalAF23-9AC_rpsI_1	1	10804	10804	?
IME	IME_SsalAF23-9AC_rpsI_2	IME_SsalAF23-9AC_rpsI_2	1	8556	8556	?
IME	IME_SsalAF23-9AC_tRNALeu	IME_SsalAF23-9AC_tRNALeu	1	6638	6638	?
IME	IME_SsalAF23-9AC_tRNALys	IME_SsalAF23-9AC_tRNALys	1	5997	5997	?
IME	IME_SsalAF24-6AC_tRNALys	IME_SsalAF24-6AC_tRNALys	1	6499	6499	?
IME	IME_SsalB35_rpmG	LR822044.1	2106616	2119521	12906	Streptococcus salivarius
IME	IME_SsalB35_tRNALeu	LR822044.1	68970	74387	5418	Streptococcus salivarius
IME	IME_SsalB35_tRNALys	LR822044.1	2080021	2089006	8986	Streptococcus salivarius
IME	IME_SsalB63_rplL	LR793258.1	1676965	1687270	10306	Streptococcus salivarius
IME	IME_SsalB63_tRNALys	LR793258.1	2175426	2180546	5121	Streptococcus salivarius
IME	IME_SsalBCC42_ebfC	IME_SsalBCC42_ebfC	1	9174	9174	?
IME	IME_SsalBCC42_NS	IME_SsalBCC42_NS	1	11822	11822	?
IME	IME_SsalBCC42_rpmG_1	IME_SsalBCC42_rpmG_1	1	9269	9269	?
IME	IME_SsalBCC42_rpmG_2	IME_SsalBCC42_rpmG_2	1	9456	9456	?
IME	IME_SsalBCC42_tRNALeu	IME_SsalBCC42_tRNALeu	1	7440	7440	?
IME	IME_Ssalbf0095_tatD	IME_Ssalbf0095_tatD	1	8402	8402	?
IME	IME_Ssalbf0095_tRNALys	IME_Ssalbf0095_tRNALys	1	7601	7601	?
IME	IME_SsalCCHSS3_NS	FR873481.1	1570620	1580586	9967	Streptococcus salivarius
IME	IME_SsalF1-4_rpsI	LR797999.1	100052	110209	10158	Streptococcus salivarius
IME	IME_SsalF1-8_rpmG	LR822045.1	2109112	2120715	11604	Streptococcus salivarius
IME	IME_SsalF1-8_rpsI	LR822045.1	105736	115903	10168	Streptococcus salivarius
IME	IME_SsalF1-8_tRNALys	LR822045.1	2086985	2092104	5120	Streptococcus salivarius
IME	IME_SsalF6-1_tRNALys	IME_SsalF6-1_tRNALys	1	5121	5121	?
IME	IME_SsalF7-1_ebfC	LR822047.1	1758375	1767548	9174	Streptococcus salivarius
IME	IME_SsalF7-1_NS	LR822047.1	2054756	2066577	11822	Streptococcus salivarius
IME	IME_SsalF7-1_rpmG	LR822047.1	2156467	2165925	9459	Streptococcus salivarius
IME	IME_SsalF7-1_tRNALeu	LR822047.1	68126	75565	7440	Streptococcus salivarius
IME	IME_SsalF7-1_tRNALys	LR822047.1	2133953	2139076	5124	Streptococcus salivarius
IME	IME_SsalFDA259_tRNALys	CP020451.2	1021405	1026528	5124	Streptococcus salivarius
IME	IME_SsalGED7778A_rpmG	IME_SsalGED7778A_rpmG	1	9443	9443	?
IME	IME_SsalGED7778A_rpsI	IME_SsalGED7778A_rpsI	1	14633	14633	?
IME	IME_SsalHS0302_tRNALeu	IME_SsalHS0302_tRNALeu	1	5431	5431	?
IME	IME_SsalHS0302_tRNALys	IME_SsalHS0302_tRNALys	1	4472	4472	?
IME	IME_SsalJF_ND	CP014144.1	48524	66654	18131	Streptococcus salivarius
IME	IME_SsalJF_tRNALeu	CP014144.1	7507	14623	7117	Streptococcus salivarius
IME	IME_SsalJF_tRNAlys	CP014144.1	2090001	2096504	6504	Streptococcus salivarius
IME	IME_SsalK12_tRNALys	IME_SsalK12_tRNALys	1	5129	5129	?
IME	IME_SsalKB005_ebfC	IME_SsalKB005_ebfC	1	9762	9762	?
IME	IME_SsalKB005_rpmG	IME_SsalKB005_rpmG	1	8213	8213	?
IME	IME_SsalL11_oriT	LR822048.1	2105656	2110246	4591	Streptococcus salivarius
IME	IME_SsalL11_tRNALeu	LR822048.1	70083	77137	7055	Streptococcus salivarius
IME	IME_SsalL11_tRNALys	LR822048.1	2145249	2149827	4579	Streptococcus salivarius
IME	IME_SsalL22_guaA	LR793265.1	1220830	1231615	10786	Streptococcus salivarius
IME	IME_SsalL22_rplL	LR793265.1	511586	521891	10306	Streptococcus salivarius
IME	IME_SsalL25_guaA	LR793266.1	1125473	1136259	10787	Streptococcus salivarius
IME	IME_SsalL25_rpmG	LR793266.1	2119647	2130260	10614	Streptococcus salivarius
IME	IME_SsalL45_oriT	LR793267.1	110859	115098	4240	Streptococcus salivarius
IME	IME_SsalL45_rpmG	LR793267.1	492178	500422	8245	Streptococcus salivarius
IME	IME_SsalL45_tRNALys	LR793267.1	2093255	2099770	6516	Streptococcus salivarius
IME	IME_SsalL50_rpmG	LR822051.1	2159031	2167325	8295	Streptococcus salivarius
IME	IME_SsalL50_tRNALys	LR822051.1	2133796	2140313	6518	Streptococcus salivarius
IME	IME_SsalL60_guaA	LR793268.1	1306370	1315316	8947	Streptococcus salivarius
IME	IME_SsalL60_rpmG	LR793268.1	2251242	2264152	12911	Streptococcus salivarius
IME	IME_SsalL60_rpsI	LR793268.1	104986	123099	18114	Streptococcus salivarius
IME	IME_SsalL60_tRNALys	LR793268.1	2224988	2233946	8959	Streptococcus salivarius
IME	IME_SsalL61_oriT	LR793269.1	2249012	2253294	4283	Streptococcus salivarius
IME	IME_SsalL61_tRNALys	LR793269.1	2290837	2295959	5123	Streptococcus salivarius
IME	IME_SsalL64_tRNALeu	LR793271.1	71910	77326	5417	Streptococcus salivarius
IME	IME_SsalL64_tRNALys	LR793271.1	2208449	2213571	5123	Streptococcus salivarius
IME	IME_SsalLAB813_rpsI	CP040804.1	45598	55778	10181	Streptococcus salivarius
IME	IME_SsalLAB813_tRNALeu	CP040804.1	90516	95932	5417	Streptococcus salivarius
IME	IME_SsalM18_NS	IME_SsalM18_NS	1	14824	14824	?
IME	IME_SsalM18_rplL	IME_SsalM18_rplL	1	6093	6093	?
IME	IME_SsalM18_rpmG	IME_SsalM18_rpmG	1	9460	9460	?
IME	IME_SsalM18_tRNALys	IME_SsalM18_tRNALys	1	5123	5123	?
IME	IME_SsalMIT_14-1770-C1_rpsI	IME_SsalMIT_14-1770-C1_rpsI	1	10153	10153	?
IME	IME_SsalMIT_14-1770-C1_tRNALys	IME_SsalMIT_14-1770-C1_tRNALys	1	5997	5997	?
IME	IME_SsalN20_NS	LR793272.1	1939007	1948966	9960	Streptococcus salivarius
IME	IME_SsalN20_rpmG	LR793272.1	2106800	2116320	9521	Streptococcus salivarius
IME	IME_SsalN5_tRNALeu	LR793273.1	74008	82403	8396	Streptococcus salivarius
IME	IME_SsalN5_tRNALys	LR793273.1	2164755	2172268	7514	Streptococcus salivarius
IME	IME_SsalNU10_ebfC	IME_SsalNU10_ebfC	1	8359	8359	?
IME	IME_SsalNU10_tRNALeu	IME_SsalNU10_tRNALeu	1	5418	5418	?
IME	IME_SsalNU10_tRNALys	IME_SsalNU10_tRNALys	1	7504	7504	?
IME	IME_SsalPS4_rpmG	IME_SsalPS4_rpmG	1	9519	9519	?
IME	IME_SsalPS4_rpsI	IME_SsalPS4_rpsI	1	12764	12764	?
IME	IME_SsalSK126_tRNALeu	IME_SsalSK126_tRNALeu	1	7055	7055	?
IME	IME_SsalSK126_tRNALys	IME_SsalSK126_tRNALys	1	5122	5122	?
IME	IME_SsalT93_rpmG_1	LR793270.1	2126766	2136040	9275	Streptococcus salivarius
IME	IME_SsalT93_rpmG_2	LR793270.1	2136026	2147709	11684	Streptococcus salivarius
IME	IME_SsalT93_rpsI	LR793270.1	100162	106867	6706	Streptococcus salivarius
IME	IME_SsalT93_tRNALys	LR793270.1	2102149	2109662	7514	Streptococcus salivarius
IME	IME_SsalUC3162_oriT	IME_SsalUC3162_oriT	1	4640	4640	?
IME	IME_SsalUC3162_rpsI	IME_SsalUC3162_rpsI	1	10154	10154	?
IME	IME_SsalUMB0051_tRNALeu	IME_SsalUMB0051_tRNALeu	1	5417	5417	?
IME	IME_SsalUMB0051_tRNALys	IME_SsalUMB0051_tRNALys	1	6830	6830	?
IME	IME_SsalYU10_ebfC	IME_SsalYU10_ebfC	1	8359	8359	?
IME	IME_SsalYU10_tRNALeu	IME_SsalYU10_tRNALeu	1	5418	5418	?
IME	IME_SsalYU10_tRNALys	IME_SsalYU10_tRNALys	1	7504	7504	?
IME	IME_SsuNSUI002_NS	CP011419.1	246744	257855	11112	Streptococcus suis
IME	IME_SsuNSUI002_SNF2	CP011419.1	1132427	1143377	10951	Streptococcus suis
IME	IME_SsuNSUI002_tRNAleu	CP011419.1	96705	102850	6146	Streptococcus suis
IME	IME_SsuST1_rpsI	NC_017950.1	1724969	1733235	8267	Streptococcus suis
IME	IME_SthJIM8232_tRNAlys	NC_017581.1	1859811	1867984	8174	Streptococcus thermophilus
IME	IMESsuYS104	MK211788.1	1	17839	17839	Streptococcus suis
IME	IMESsuYS106	MK211789.1	1	17542	17542	Streptococcus suis
IME	IMESsuYS110	MK211790.1	1	19969	19969	Streptococcus suis
IME	IMESsuYS111	MK211791.1	1	19969	19969	Streptococcus suis
IME	IMESsuYS12	MK211782.1	1	15669	15669	Streptococcus suis
IME	IMESsuYS123	MK211792.1	1	19969	19969	Streptococcus suis
IME	IMESsuYS124	MK211793.1	1	19969	19969	Streptococcus suis
IME	IMESsuYS163	MK211794.1	1	17860	17860	Streptococcus suis
IME	IMESsuYS190	MK211795.1	1	17822	17822	Streptococcus suis
IME	IMESsuYS201	MK211796.1	1	17852	17852	Streptococcus suis
IME	IMESsuYS210	MK211797.1	1	17857	17857	Streptococcus suis
IME	IMESsuYS23	MK211783.1	1	17717	17717	Streptococcus suis
IME	IMESsuYS249	MK211798.1	1	17857	17857	Streptococcus suis
IME	IMESsuYS4	MN473142.1	1	13446	13446	Streptococcus suis
IME	IMESsuYS408	MK211799.1	1	17901	17901	Streptococcus suis
IME	IMESsuYS44	MK211784.1	1	20068	20068	Streptococcus suis
IME	IMESsuYS488	MK211800.1	1	17701	17701	Streptococcus suis
IME	IMESsuYS493	MK211801.1	1	17861	17861	Streptococcus suis
IME	IMESsuYS498	MK211802.1	1	17861	17861	Streptococcus suis
IME	IMESsuYS501	MK211803.1	1	17861	17861	Streptococcus suis
IME	IMESsuYS525	MK211804.1	1	19603	19603	Streptococcus suis
IME	IMESsuYS53	MK211785.1	1	20068	20068	Streptococcus suis
IME	IMESsuYS535	MK211805.1	1	19542	19542	Streptococcus suis
IME	IMESsuYS543	MK211806.1	1	19542	19542	Streptococcus suis
IME	IMESsuYS67	MN420460.1	1	10955	10955	Streptococcus suis
IME	IMESsuYS72	MK211786.1	1	17656	17656	Streptococcus suis
IME	IMESsuYS77	MK211787.1	1	17855	17855	Streptococcus suis
IME	IMEMlTONO	AP017605.1	2539067	2634808	95742	Mesorhizobium loti
IME	IMEMaWSM2073	CP003358.1	2764955	2974777	209823	Mesorhizobium australicum
IME	IMEMcWSM1284	CP015064.1	3218445	3317374	98930	Mesorhizobium ciceri
IME	IMEMsp.WSM1497	CP021070.1	2223334	2257029	33696	Mesorhizobium sp.
IME	IMEMjMAFF303099-1	BA000012.4	778503	868610	90108	Mesorhizobium loti
IME	IMEMjMAFF303099-2	BA000012.4	4609338	4644791	35454	Mesorhizobium loti
IME	IMEMjATCC33669-1	CP033507.1	2142066	2172201	30136	Mesorhizobium jarvisii
IME	IMEMjATCC33669-2	CP033507.1	4190458	4232698	42241	Mesorhizobium jarvisii
IME	IMEMoWSM2075	CP002279.1	4435561	4582537	146977	Mesorhizobium opportunistum
IME	IMEMsp.M1B	CP034448.1	4413826	4474609	60784	Mesorhizobium sp.
IME	IMEMsp.M2A.F.02-1	CP034445.1	460840	496314	35475	Mesorhizobium sp.
IME	IMEMsp.M2A.F.02-2	CP034445.1	4801588	4841612	40025	Mesorhizobium sp.
IME	IMEMsp.M2A.F.05-1	CP034446.1	3837052	3842866	5815	Mesorhizobium sp.
IME	IMEMsp.M7D-1	CP034453.1	6356558	6496325	139768	Mesorhizobium sp.
IME	IMEMsp.M7D-2	CP034453.1	6848992	6902741	53750	Mesorhizobium sp.
IME	IMEMlNZP2037-1	CP016079.1	2162417	2272896	110480	Mesorhizobium loti
IME	IMEMlNZP2037-2	CP016079.1	4375615	4402701	27087	Mesorhizobium loti
IME	IMEMsp.NZP2077-1	CP033362.1	2146889	2418463	271575	Mesorhizobium sp.
IME	IMEMsp.NZP2077-2	CP033362.1	3784935	3849324	64390	Mesorhizobium sp.
IME	IMEMlR88b-1	CP033367.1	2184995	2231646	46652	Mesorhizobium loti
IME	IMEMlR88b	CP033367.1	7054571	7078545	23975	Mesorhizobium loti
IME	IMEMsp.SEMIA3007	MDLH01000001.1	4865967	4893043	27077	Mesorhizobium sp.
IME	IMEMlSU343-1	CP033368.1	2142084	2172219	30136	Mesorhizobium loti
IME	IMEMlSU343-2	CP033368.1	4190525	4232765	42241	Mesorhizobium loti
